# Blender 4.2.1 LTS
# www.blender.org
mtllib BookSelf.mtl
o Screenshot_2024-09-09_151143
v 0.000000 0.000260 0.510101
v -0.000000 0.000260 -0.510101
v 0.000000 1.000260 0.510101
v -0.000000 1.000260 -0.510101
v 0.133583 0.000260 0.510101
v 0.133583 0.000260 -0.510101
v 0.133583 1.000260 0.510101
v 0.133583 1.000260 -0.510101
v -0.000000 0.946637 -0.487248
v 0.000000 0.946637 -0.258456
v 0.000000 0.824456 -0.257258
v -0.000000 0.823258 -0.487847
v 0.014833 0.946637 -0.487248
v 0.014833 0.946637 -0.258456
v 0.014833 0.824456 -0.257258
v 0.014833 0.823258 -0.487847
v -0.000000 0.917006 -0.487392
v 0.014833 0.946637 -0.258456
v 0.014833 0.946637 -0.258456
v 0.014833 0.824456 -0.257258
v 0.014833 0.824456 -0.257258
v 0.014833 0.824408 -0.266325
v 0.014833 0.824408 -0.266325
v 0.014833 0.823940 -0.356438
v 0.014833 0.823913 -0.361638
v 0.014833 0.823913 -0.361638
v 0.014833 0.823591 -0.423679
v 0.014833 0.823537 -0.434077
v 0.014833 0.823537 -0.434077
v 0.000000 0.824408 -0.266325
v -0.000000 0.823940 -0.356438
v -0.000000 0.823913 -0.361638
v -0.000000 0.823591 -0.423679
v -0.000000 0.823537 -0.434077
v 0.014833 0.917006 -0.487392
v 0.014833 0.917006 -0.487392
v 0.014833 0.946637 -0.487248
v 0.014833 0.946637 -0.487248
v 0.014833 0.918043 -0.477410
v 0.014833 0.907991 -0.478104
v 0.014833 0.908338 -0.461467
v 0.014833 0.937106 -0.460773
v 0.014833 0.937106 -0.450722
v 0.014833 0.897246 -0.452802
v 0.014833 0.896900 -0.448296
v 0.014833 0.911111 -0.447256
v 0.014833 0.911111 -0.439631
v 0.014833 0.906605 -0.439631
v 0.014833 0.906258 -0.432352
v 0.014833 0.910071 -0.423687
v 0.014833 0.910417 -0.411556
v 0.014833 0.905565 -0.411209
v 0.014833 0.906258 -0.399771
v 0.014833 0.919776 -0.400811
v 0.014833 0.920815 -0.386947
v 0.014833 0.912844 -0.386600
v 0.014833 0.913537 -0.374469
v 0.014833 0.917349 -0.373776
v 0.014833 0.916310 -0.360259
v 0.014833 0.898979 -0.356099
v 0.014833 0.900019 -0.346048
v 0.014833 0.906605 -0.345701
v 0.014833 0.906951 -0.325945
v 0.014833 0.920815 -0.325945
v 0.014833 0.920815 -0.313120
v 0.014833 0.910764 -0.313120
v 0.014833 0.910071 -0.299603
v 0.014833 0.920122 -0.299256
v 0.014833 0.920469 -0.276380
v 0.014833 0.906951 -0.276380
v 0.014833 0.906951 -0.267022
v 0.047421 0.946637 -0.487248
v 0.047421 0.946637 -0.258456
v 0.047421 0.946637 -0.487248
v 0.047421 0.946637 -0.258456
v 0.047421 0.824456 -0.257258
v 0.047421 0.824408 -0.266325
v 0.047421 0.823940 -0.356438
v 0.047421 0.823913 -0.361638
v 0.047421 0.823591 -0.423679
v 0.047421 0.823537 -0.434077
v 0.047421 0.917006 -0.487392
v 0.047421 0.946637 -0.487248
v 0.047421 0.918043 -0.477410
v 0.047421 0.907991 -0.478104
v 0.047421 0.908338 -0.461467
v 0.047421 0.937106 -0.460773
v 0.047421 0.937106 -0.450722
v 0.047421 0.897246 -0.452802
v 0.047421 0.896900 -0.448296
v 0.047421 0.911111 -0.447256
v 0.047421 0.911111 -0.439631
v 0.047421 0.906605 -0.439631
v 0.047421 0.906258 -0.432352
v 0.047421 0.910071 -0.423687
v 0.047421 0.910417 -0.411556
v 0.047421 0.905565 -0.411209
v 0.047421 0.906258 -0.399771
v 0.047421 0.919776 -0.400811
v 0.047421 0.920815 -0.386947
v 0.047421 0.912844 -0.386600
v 0.047421 0.913537 -0.374469
v 0.047421 0.917349 -0.373776
v 0.047421 0.916310 -0.360259
v 0.047421 0.898979 -0.356099
v 0.047421 0.900019 -0.346048
v 0.047421 0.906605 -0.345701
v 0.047421 0.906951 -0.325945
v 0.047421 0.920815 -0.325945
v 0.047421 0.920815 -0.313120
v 0.047421 0.910764 -0.313120
v 0.047421 0.910071 -0.299603
v 0.047421 0.920122 -0.299256
v 0.047421 0.920469 -0.276380
v 0.047421 0.906951 -0.276380
v 0.047421 0.906951 -0.267022
v 0.000000 1.000260 -0.487153
v 0.000000 1.000260 -0.258561
v -0.000000 0.823322 -0.510101
v 0.000000 0.826666 0.510101
v 0.000000 0.824202 -0.235727
v 0.000000 0.824202 -0.008701
v 0.000000 0.823914 0.014984
v 0.000000 0.823914 0.241721
v 0.000000 0.824202 0.263961
v 0.000000 0.826665 0.484865
v 0.000000 0.944878 -0.235591
v 0.000000 0.945477 -0.010992
v 0.015337 0.945477 -0.010820
v 0.015337 0.824202 -0.008530
v 0.015337 0.824202 -0.235555
v 0.015337 0.944878 -0.235420
v 0.015337 0.880230 -0.009588
v 0.000000 0.880226 -0.009759
v 0.015337 0.899836 -0.235470
v 0.000000 0.899839 -0.235642
v 0.015337 0.899551 -0.221512
v 0.015337 0.841783 -0.227000
v 0.015337 0.891175 -0.211402
v 0.015337 0.890886 -0.201871
v 0.015337 0.898395 -0.201004
v 0.015337 0.897240 -0.187718
v 0.015337 0.904750 -0.187429
v 0.015337 0.905039 -0.183963
v 0.015337 0.916881 -0.183963
v 0.015337 0.916881 -0.172121
v 0.015337 0.911971 -0.172987
v 0.015337 0.912260 -0.163167
v 0.015337 0.911971 -0.159701
v 0.015337 0.920636 -0.156523
v 0.015337 0.920636 -0.132839
v 0.015337 0.915437 -0.132550
v 0.015337 0.894641 -0.140349
v 0.015337 0.893485 -0.127640
v 0.015337 0.877022 -0.135727
v 0.015337 0.824202 -0.149483
v 0.015337 0.824202 -0.143442
v 0.015337 0.837111 -0.148266
v 0.015337 0.857911 -0.139354
v 0.015337 0.857843 -0.131437
v 0.015337 0.841273 -0.138593
v 0.015337 0.843498 -0.128851
v 0.015337 0.830403 -0.142542
v 0.048970 0.899836 -0.235470
v 0.048970 0.944878 -0.235420
v 0.048970 0.945477 -0.010820
v 0.048970 0.880230 -0.009588
v 0.048970 0.899551 -0.221512
v 0.048970 0.841783 -0.227000
v 0.048970 0.891175 -0.211402
v 0.048970 0.890886 -0.201871
v 0.048970 0.898395 -0.201004
v 0.048970 0.897240 -0.187718
v 0.048970 0.904750 -0.187429
v 0.048970 0.905039 -0.183963
v 0.048970 0.916881 -0.183963
v 0.048970 0.916881 -0.172121
v 0.048970 0.911971 -0.172987
v 0.048970 0.912260 -0.163167
v 0.048970 0.911971 -0.159701
v 0.048970 0.920636 -0.156523
v 0.048970 0.920636 -0.132839
v 0.048970 0.915437 -0.132550
v 0.048970 0.894641 -0.140349
v 0.048970 0.893485 -0.127640
v 0.048970 0.877022 -0.135727
v 0.048970 0.824202 -0.149483
v 0.048970 0.824202 -0.143442
v 0.048970 0.837111 -0.148266
v 0.048970 0.857911 -0.139354
v 0.048970 0.857843 -0.131437
v 0.048970 0.841273 -0.138593
v 0.048970 0.843498 -0.128851
v 0.048970 0.830403 -0.142542
v 0.000000 0.945514 0.013421
v 0.000000 0.945514 0.241603
v 0.015461 0.823914 0.014592
v 0.015461 0.823914 0.241329
v 0.015461 0.945514 0.013030
v 0.015461 0.945514 0.241211
v 0.015461 0.877125 0.013909
v 0.015461 0.897824 0.013643
v 0.000000 0.877158 0.014300
v 0.000000 0.896736 0.014048
v 0.015461 0.877737 0.021131
v 0.015461 0.902261 0.013585
v 0.015461 0.917353 0.241239
v 0.000000 0.902262 0.013977
v 0.015461 0.902275 0.020836
v 0.015461 0.909370 0.019653
v 0.015461 0.910257 0.037687
v 0.015461 0.900501 0.040939
v 0.015461 0.900796 0.051286
v 0.015461 0.910257 0.049808
v 0.015461 0.910848 0.066659
v 0.015461 0.906709 0.067841
v 0.015461 0.909961 0.082919
v 0.015461 0.919126 0.082623
v 0.015461 0.920900 0.096222
v 0.015461 0.921491 0.112482
v 0.015461 0.913213 0.114256
v 0.015461 0.917056 0.129924
v 0.015461 0.907005 0.132585
v 0.015461 0.907005 0.155053
v 0.015461 0.910552 0.155349
v 0.015461 0.910552 0.167470
v 0.015461 0.914100 0.167765
v 0.015461 0.914100 0.184912
v 0.015461 0.908187 0.184321
v 0.015461 0.906709 0.211519
v 0.015461 0.910848 0.211519
v 0.015461 0.911144 0.222753
v 0.015461 0.917648 0.222162
v 0.049983 0.902261 0.013426
v 0.049983 0.945514 0.012870
v 0.049983 0.945514 0.241052
v 0.049983 0.877125 0.013749
v 0.049983 0.897824 0.013483
v 0.049983 0.877737 0.020971
v 0.049983 0.917353 0.241079
v 0.049983 0.902275 0.020676
v 0.049983 0.909370 0.019493
v 0.049983 0.910257 0.037527
v 0.049983 0.900501 0.040779
v 0.049983 0.900796 0.051126
v 0.049983 0.910257 0.049648
v 0.049983 0.910848 0.066499
v 0.049983 0.906709 0.067682
v 0.049983 0.909961 0.082759
v 0.049983 0.919126 0.082463
v 0.049983 0.920900 0.096062
v 0.049983 0.921491 0.112322
v 0.049983 0.913213 0.114096
v 0.049983 0.917056 0.129765
v 0.049983 0.907005 0.132425
v 0.049983 0.907005 0.154893
v 0.049983 0.910552 0.155189
v 0.049983 0.910552 0.167310
v 0.049983 0.914100 0.167606
v 0.049983 0.914100 0.184752
v 0.049983 0.908187 0.184161
v 0.049983 0.906709 0.211359
v 0.049983 0.910848 0.211359
v 0.049983 0.911144 0.222594
v 0.049983 0.917648 0.222002
v 0.000000 0.946028 0.262718
v 0.000000 0.947561 0.487494
v 0.015343 0.824202 0.263942
v 0.015343 0.826665 0.484845
v 0.015343 0.946028 0.262698
v 0.015343 0.947561 0.487474
v 0.015343 0.906541 0.486582
v 0.051431 0.911498 0.263051
v 0.015343 0.920346 0.270149
v 0.015343 0.923795 0.353173
v 0.015343 0.904332 0.352680
v 0.015343 0.904086 0.360071
v 0.015343 0.910491 0.361303
v 0.015343 0.911230 0.391605
v 0.015343 0.906549 0.392098
v 0.015343 0.906549 0.401213
v 0.015343 0.913201 0.401213
v 0.015343 0.913694 0.413778
v 0.015343 0.907288 0.413285
v 0.015343 0.907288 0.420676
v 0.015343 0.898419 0.420676
v 0.015343 0.897434 0.428067
v 0.015343 0.926258 0.429052
v 0.015343 0.926751 0.443587
v 0.015343 0.905810 0.443834
v 0.015343 0.906549 0.449254
v 0.015343 0.917143 0.449500
v 0.015343 0.917143 0.483498
v 0.015343 0.906303 0.483005
v 0.015343 0.911498 0.263051
v 0.000000 0.911499 0.263070
v 0.051431 0.946028 0.262698
v 0.051431 0.947561 0.487474
v 0.051431 0.906541 0.486582
v 0.051431 0.920346 0.270149
v 0.051431 0.923795 0.353173
v 0.051431 0.904332 0.352680
v 0.051431 0.904086 0.360071
v 0.051431 0.910491 0.361303
v 0.051431 0.911230 0.391605
v 0.051431 0.906549 0.392098
v 0.051431 0.906549 0.401213
v 0.051431 0.913201 0.401213
v 0.051431 0.913694 0.413778
v 0.051431 0.907288 0.413285
v 0.051431 0.907288 0.420676
v 0.051431 0.898419 0.420676
v 0.051431 0.897434 0.428067
v 0.051431 0.926258 0.429052
v 0.051431 0.926751 0.443587
v 0.051431 0.905810 0.443834
v 0.051431 0.906549 0.449254
v 0.051431 0.917143 0.449500
v 0.051431 0.917143 0.483498
v 0.051431 0.906303 0.483005
v -0.000000 0.411791 -0.510101
v 0.000000 0.660866 0.510101
v -0.000000 0.658975 -0.510101
v 0.000000 1.000260 0.125770
v -0.000000 0.500622 -0.510101
v 0.000000 0.504003 0.510101
v 0.000000 0.344892 0.510101
v -0.000000 0.344333 -0.510101
v 0.000000 0.189713 0.510101
v -0.000000 0.187556 -0.510101
v 0.000000 0.051407 0.510101
v -0.000000 0.050054 -0.510101
v -0.000000 0.051077 0.261769
v 0.000000 0.051376 0.487410
v 0.000000 0.182309 0.486870
v -0.000000 0.180686 0.262852
v -0.000000 0.050746 0.012318
v -0.000000 0.051049 0.240666
v -0.000000 0.179604 0.239585
v -0.000000 0.180145 0.013944
v -0.000000 0.050416 -0.237131
v -0.000000 0.050718 -0.009326
v -0.000000 0.180686 -0.012571
v -0.000000 0.181227 -0.237129
v -0.000000 0.050083 -0.488204
v -0.000000 0.050384 -0.260940
v -0.000000 0.180686 -0.260938
v -0.000000 0.179062 -0.488202
v -0.000000 0.189188 0.261765
v 0.000000 0.189667 0.487974
v 0.000000 0.339567 0.486846
v 0.000000 0.339192 0.261761
v -0.000000 0.188664 0.013757
v -0.000000 0.189146 0.241844
v 0.000000 0.338440 0.240342
v -0.000000 0.338816 0.013754
v -0.000000 0.188133 -0.237255
v -0.000000 0.188608 -0.012550
v -0.000000 0.337313 -0.012174
v -0.000000 0.337689 -0.238010
v -0.000000 0.187603 -0.487892
v -0.000000 0.188082 -0.261308
v -0.000000 0.338440 -0.260932
v -0.000000 0.336937 -0.488647
v -0.000000 0.344469 -0.261501
v -0.000000 0.344345 -0.488764
v -0.000000 0.494444 -0.488314
v -0.000000 0.494894 -0.261501
v -0.000000 0.344606 -0.012142
v -0.000000 0.344482 -0.237601
v -0.000000 0.495345 -0.236700
v -0.000000 0.493993 -0.012593
v 0.000000 0.344745 0.242178
v -0.000000 0.344621 0.015815
v 0.000000 0.492640 0.016266
v 0.000000 0.493542 0.240825
v 0.000000 0.344879 0.487479
v 0.000000 0.344757 0.263370
v 0.000000 0.494894 0.262018
v 0.000000 0.495796 0.486577
v 0.000000 0.503180 0.261843
v 0.000000 0.503919 0.484771
v 0.000000 0.649335 0.484232
v 0.000000 0.649335 0.261838
v 0.000000 0.502359 0.014013
v 0.000000 0.503112 0.241282
v 0.000000 0.650958 0.014553
v 0.000000 0.649876 0.239112
v -0.000000 0.501531 -0.235979
v -0.000000 0.502280 -0.009794
v -0.000000 0.652040 -0.234897
v 0.000000 0.651499 -0.013044
v -0.000000 0.500690 -0.489756
v -0.000000 0.501448 -0.260869
v -0.000000 0.650958 -0.260870
v -0.000000 0.652040 -0.489216
v -0.000000 0.659017 -0.487596
v -0.000000 0.659440 -0.259250
v -0.000000 0.801385 -0.487593
v 0.000000 0.800844 -0.261411
v -0.000000 0.659481 -0.237067
v 0.000000 0.659897 -0.012508
v 0.000000 0.800844 -0.236520
v 0.000000 0.801385 -0.012502
v 0.000000 0.659944 0.012928
v 0.000000 0.660360 0.237490
v 0.000000 0.801385 0.012388
v 0.000000 0.801926 0.237488
v 0.000000 0.660407 0.262920
v 0.000000 0.660824 0.487480
v 0.000000 0.803009 0.262379
v 0.000000 0.802468 0.485314
v 0.014477 0.051077 0.261769
v 0.014477 0.051376 0.487410
v 0.014477 0.182309 0.486870
v 0.014477 0.180686 0.262852
v 0.014477 0.050746 0.012318
v 0.014477 0.051049 0.240666
v 0.014477 0.179604 0.239585
v 0.014477 0.180145 0.013944
v 0.014477 0.050416 -0.237131
v 0.014477 0.050718 -0.009326
v 0.014477 0.180686 -0.012571
v 0.014477 0.181227 -0.237129
v 0.014477 0.050083 -0.488204
v 0.014477 0.050384 -0.260940
v 0.014477 0.180686 -0.260938
v 0.014477 0.179062 -0.488202
v 0.014477 0.189188 0.261765
v 0.014477 0.189667 0.487974
v 0.014477 0.339567 0.486846
v 0.014477 0.339192 0.261761
v 0.014477 0.188664 0.013757
v 0.014477 0.189146 0.241844
v 0.014477 0.338440 0.240342
v 0.014477 0.338816 0.013754
v 0.014477 0.188133 -0.237255
v 0.014477 0.188608 -0.012550
v 0.014477 0.337313 -0.012174
v 0.014477 0.337689 -0.238010
v 0.014477 0.187603 -0.487892
v 0.014477 0.188082 -0.261308
v 0.014477 0.338440 -0.260932
v 0.014477 0.336937 -0.488647
v 0.014477 0.344469 -0.261501
v 0.014477 0.344345 -0.488764
v 0.014477 0.494444 -0.488314
v 0.014477 0.494894 -0.261501
v 0.014477 0.344606 -0.012142
v 0.014477 0.344482 -0.237601
v 0.014477 0.495345 -0.236700
v 0.014477 0.493993 -0.012593
v 0.014477 0.344745 0.242178
v 0.014477 0.344621 0.015815
v 0.014477 0.492640 0.016266
v 0.014477 0.493542 0.240825
v 0.014477 0.344879 0.487479
v 0.014477 0.344757 0.263370
v 0.014477 0.494894 0.262018
v 0.014477 0.495796 0.486577
v 0.014477 0.503180 0.261843
v 0.014477 0.503919 0.484771
v 0.014477 0.649335 0.484232
v 0.014477 0.649335 0.261838
v 0.014477 0.502359 0.014013
v 0.014477 0.503112 0.241282
v 0.014477 0.650958 0.014553
v 0.014477 0.649876 0.239112
v 0.014477 0.501531 -0.235979
v 0.014477 0.502280 -0.009794
v 0.014477 0.652040 -0.234897
v 0.014477 0.651499 -0.013044
v 0.014477 0.500690 -0.489756
v 0.014477 0.501448 -0.260869
v 0.014477 0.650958 -0.260870
v 0.014477 0.652040 -0.489216
v 0.014477 0.659017 -0.487596
v 0.014477 0.659440 -0.259250
v 0.014477 0.801385 -0.487593
v 0.014477 0.800844 -0.261411
v 0.014477 0.659481 -0.237067
v 0.014477 0.659897 -0.012508
v 0.014477 0.800844 -0.236520
v 0.014477 0.801385 -0.012502
v 0.014477 0.659944 0.012928
v 0.014477 0.660360 0.237490
v 0.014477 0.801385 0.012388
v 0.014477 0.801926 0.237488
v 0.014477 0.660407 0.262920
v 0.014477 0.660824 0.487480
v 0.014477 0.803009 0.262379
v 0.014477 0.802468 0.485314
v 0.014477 0.731533 -0.487594
v -0.000000 0.731533 -0.487594
v 0.014477 0.776144 -0.261034
v 0.000000 0.776144 -0.261034
v 0.014477 0.731986 -0.484567
v 0.014477 0.738479 -0.484416
v 0.014477 0.738631 -0.475053
v 0.014477 0.743010 -0.474600
v 0.014477 0.743463 -0.465388
v 0.014477 0.757054 -0.465237
v 0.014477 0.757205 -0.479886
v 0.014477 0.766870 -0.479433
v 0.014477 0.767776 -0.484416
v 0.014477 0.778649 -0.483812
v 0.014477 0.782726 -0.408004
v 0.014477 0.769890 -0.408306
v 0.014477 0.769437 -0.411024
v 0.014477 0.765511 -0.411175
v 0.014477 0.765209 -0.407400
v 0.014477 0.746030 -0.407702
v 0.014477 0.745728 -0.390335
v 0.014477 0.721717 -0.390486
v 0.014477 0.722170 -0.384144
v 0.014477 0.731835 -0.384144
v 0.014477 0.732137 -0.377499
v 0.014477 0.741953 -0.377348
v 0.014477 0.741802 -0.370553
v 0.014477 0.748748 -0.370552
v 0.014477 0.748748 -0.363757
v 0.014477 0.742259 -0.363683
v 0.014477 0.742363 -0.353825
v 0.014477 0.738903 -0.353615
v 0.014477 0.738693 -0.343757
v 0.014477 0.745929 -0.343233
v 0.014477 0.745614 -0.336836
v 0.014477 0.752326 -0.336417
v 0.014477 0.752431 -0.339248
v 0.014477 0.762708 -0.339143
v 0.014477 0.762708 -0.326978
v 0.014477 0.776027 -0.326559
v 0.014477 0.756206 -0.275907
v 0.014477 0.749495 -0.275697
v 0.014477 0.749285 -0.298663
v 0.014477 0.745719 -0.298873
v 0.014477 0.745824 -0.304431
v 0.014477 0.756101 -0.304431
v 0.014477 0.740239 -0.441002
v 0.014477 0.739103 -0.440914
v 0.014477 0.739103 -0.445546
v 0.014477 0.745221 -0.445896
v 0.014477 0.745395 -0.453848
v 0.014477 0.739453 -0.454110
v 0.014477 0.739365 -0.455159
v 0.014477 0.757193 -0.454809
v 0.014477 0.757106 -0.423960
v 0.014477 0.748716 -0.423698
v 0.014477 0.748542 -0.425359
v 0.014477 0.752387 -0.425446
v 0.014477 0.752474 -0.440215
v 0.014477 0.749415 -0.440215
v 0.014477 0.749241 -0.443623
v 0.014477 0.740502 -0.443886
v 0.014477 0.736290 -0.236770
v -0.000000 0.659501 -0.226152
v 0.014477 0.659501 -0.226152
v 0.014477 0.659501 -0.226152
v -0.000000 0.735022 -0.236775
v 0.014477 0.668263 -0.226156
v 0.014477 0.668481 -0.229635
v 0.014477 0.677397 -0.229418
v 0.014477 0.678049 -0.233332
v 0.014477 0.691749 -0.233115
v 0.014477 0.735023 -0.232462
v 0.014477 0.786822 -0.236574
v 0.014477 0.752452 -0.012504
v 0.000000 0.786822 -0.236574
v 0.014477 0.787148 -0.232549
v 0.014477 0.796390 -0.232375
v 0.014477 0.796172 -0.154743
v 0.014477 0.763771 -0.155613
v 0.014477 0.763336 -0.152133
v 0.014477 0.759639 -0.152351
v 0.014477 0.759857 -0.148437
v 0.014477 0.763336 -0.148002
v 0.014477 0.763119 -0.137999
v 0.014477 0.757900 -0.137781
v 0.014477 0.758117 -0.121472
v 0.014477 0.765511 -0.121254
v 0.014477 0.764887 -0.015178
v 0.014477 0.757363 -0.015504
v 0.014477 0.757396 -0.019762
v 0.014477 0.752751 -0.020454
v 0.014477 0.746093 -0.159307
v 0.014477 0.746395 -0.148585
v 0.014477 0.737938 -0.148132
v 0.014477 0.714984 -0.144659
v 0.014477 0.714682 -0.165196
v 0.014477 0.721931 -0.164743
v 0.014477 0.722082 -0.155381
v 0.014477 0.731596 -0.155079
v 0.014477 0.731747 -0.158250
v 0.014477 0.735522 -0.158250
v 0.014477 0.735673 -0.162176
v 0.014477 0.740203 -0.162025
v 0.014477 0.740354 -0.158099
v 0.014477 0.739042 -0.023454
v 0.014477 0.739194 -0.029675
v 0.014477 0.735906 -0.029725
v 0.014477 0.735856 -0.030989
v 0.014477 0.746223 -0.030888
v 0.014477 0.746274 -0.023606
v 0.014477 0.702552 -0.151720
v 0.014477 0.695421 -0.152034
v 0.014477 0.695211 -0.141862
v 0.014477 0.682207 -0.141128
v 0.014477 0.682312 -0.137877
v 0.014477 0.692380 -0.137457
v 0.014477 0.693009 -0.139030
v 0.014477 0.701713 -0.138192
v 0.014477 0.785554 0.012449
v 0.014477 0.760054 0.237489
v 0.000000 0.785554 0.012449
v 0.014477 0.785706 0.019150
v 0.014477 0.765923 0.019301
v 0.014477 0.765772 0.037423
v 0.014477 0.755957 0.037423
v 0.014477 0.755957 0.057507
v 0.014477 0.745084 0.057507
v 0.014477 0.745537 0.063699
v 0.014477 0.756712 0.064152
v 0.014477 0.755957 0.080914
v 0.014477 0.746443 0.081065
v 0.014477 0.745839 0.087710
v 0.014477 0.751275 0.087861
v 0.014477 0.751426 0.100999
v 0.014477 0.756259 0.101301
v 0.014477 0.755957 0.115647
v 0.014477 0.749614 0.115496
v 0.014477 0.749614 0.121839
v 0.014477 0.761544 0.122292
v 0.014477 0.761393 0.137091
v 0.014477 0.758675 0.137846
v 0.014477 0.772411 0.228420
v 0.014477 0.759594 0.227623
v 0.000000 0.756103 0.486023
v 0.014477 0.749205 0.262583
v 0.014477 0.756103 0.486023
v 0.000000 0.749205 0.262583
v 0.014477 0.749508 0.269371
v 0.014477 0.749357 0.269371
v 0.014477 0.759626 0.269975
v 0.014477 0.759475 0.279791
v 0.014477 0.738937 0.278281
v 0.014477 0.738485 0.280848
v 0.014477 0.745431 0.281150
v 0.014477 0.745582 0.288097
v 0.014477 0.748904 0.288248
v 0.014477 0.748904 0.303500
v 0.014477 0.742864 0.303047
v 0.014477 0.742562 0.299574
v 0.014477 0.735917 0.298970
v 0.014477 0.735162 0.306067
v 0.014477 0.749357 0.306671
v 0.014477 0.749206 0.332494
v 0.014477 0.739391 0.332494
v 0.014477 0.739089 0.334911
v 0.014477 0.749055 0.334911
v 0.014477 0.748753 0.343669
v 0.014477 0.755700 0.344424
v 0.014477 0.755700 0.370248
v 0.014477 0.748753 0.369946
v 0.014477 0.748602 0.390332
v 0.014477 0.745733 0.390332
v 0.014477 0.739498 0.390436
v 0.014477 0.739585 0.397340
v 0.014477 0.745878 0.397602
v 0.014477 0.745965 0.410624
v 0.014477 0.738974 0.410799
v 0.014477 0.739148 0.424956
v 0.014477 0.745965 0.425568
v 0.014477 0.745790 0.431248
v 0.014477 0.752432 0.431598
v 0.014477 0.752345 0.451436
v 0.014477 0.746577 0.451348
v 0.014477 0.746140 0.474857
v 0.014477 0.756102 0.474944
v -0.000000 0.591370 -0.489433
v 0.014477 0.644243 -0.260870
v 0.014477 0.591370 -0.489433
v 0.014477 0.591067 -0.465124
v 0.014477 0.594239 -0.464520
v 0.014477 0.594692 -0.458328
v 0.014477 0.601034 -0.458177
v 0.014477 0.604356 -0.458177
v 0.014477 0.604356 -0.478866
v 0.014477 0.629911 -0.475262
v 0.014477 0.627611 -0.379721
v 0.014477 0.611449 -0.379889
v 0.014477 0.610758 -0.393888
v 0.014477 0.602405 -0.394508
v 0.014477 0.602853 -0.409854
v 0.014477 0.587749 -0.409928
v 0.014477 0.587305 -0.400757
v 0.014477 0.581332 -0.400097
v 0.014477 0.581351 -0.395861
v 0.014477 0.591120 -0.395735
v 0.014477 0.590696 -0.379636
v 0.014477 0.587142 -0.379708
v 0.014477 0.586471 -0.368504
v 0.014477 0.590936 -0.368052
v 0.014477 0.590513 -0.343552
v 0.014477 0.586997 -0.343233
v 0.014477 0.587012 -0.336718
v 0.014477 0.590759 -0.336594
v 0.014477 0.591007 -0.328958
v 0.014477 0.595197 -0.325871
v 0.014477 0.594937 -0.349461
v 0.014477 0.606718 -0.349705
v 0.014477 0.606716 -0.346250
v 0.014477 0.617184 -0.346720
v 0.014477 0.617629 -0.343303
v 0.014477 0.621233 -0.343622
v 0.014477 0.621222 -0.339524
v 0.014477 0.644187 -0.338835
v 0.014477 0.594168 -0.260870
v 0.014477 0.597843 -0.260870
v 0.014477 0.597660 -0.272209
v 0.014477 0.587538 -0.272231
v 0.014477 0.587437 -0.265515
v 0.014477 0.594152 -0.265686
v 0.014477 0.596820 -0.306299
v 0.014477 0.597144 -0.296033
v 0.014477 0.590996 -0.296372
v 0.014477 0.590798 -0.306140
v 0.014477 0.601197 -0.011948
v 0.014477 0.604232 -0.443732
v 0.014477 0.581151 -0.443810
v 0.014477 0.580500 -0.431027
v 0.014477 0.587180 -0.431203
v 0.014477 0.587714 -0.427906
v 0.014477 0.593445 -0.427406
v 0.014477 0.593970 -0.423788
v 0.000000 0.601197 -0.011948
v 0.014477 0.600820 -0.443769
v 0.014477 0.604231 -0.443388
v 0.014477 0.603414 -0.423514
v 0.014477 0.611751 -0.226986
v 0.014477 0.621972 -0.226551
v 0.014477 0.621972 -0.219157
v 0.014477 0.624799 -0.219157
v 0.014477 0.624799 -0.223289
v 0.014477 0.631975 -0.223072
v 0.014477 0.631757 -0.148484
v 0.014477 0.625016 -0.148918
v 0.014477 0.625016 -0.131739
v 0.014477 0.620667 -0.131739
v 0.014477 0.620667 -0.124128
v 0.014477 0.605880 -0.124563
v 0.014477 0.605880 -0.097163
v 0.014477 0.599356 -0.097163
v 0.014477 0.591022 -0.101035
v 0.014477 0.588401 -0.101122
v 0.014477 0.581322 -0.114842
v 0.014477 0.587177 -0.114842
v 0.014477 0.587439 -0.131359
v 0.014477 0.584643 -0.131534
v 0.014477 0.584118 -0.141672
v 0.014477 0.591110 -0.141409
v 0.014477 0.591148 -0.164913
v 0.014477 0.590965 -0.178629
v 0.014477 0.580770 -0.178629
v 0.014477 0.580770 -0.175230
v 0.014477 0.587992 -0.174805
v 0.014477 0.587992 -0.164852
v 0.014477 0.588410 -0.208803
v 0.014477 0.588192 -0.215284
v 0.014477 0.581128 -0.215576
v 0.014477 0.581273 -0.208949
v -0.000000 0.501967 -0.104445
v -0.000000 0.502022 -0.087774
v 0.014477 0.501967 -0.104445
v 0.014477 0.587111 -0.087533
v 0.014477 0.503903 -0.087684
v 0.014477 0.502022 -0.087695
v 0.014477 0.586938 -0.087781
v 0.014477 0.581487 -0.104409
v 0.014477 0.600773 0.014370
v 0.000000 0.600773 0.014370
v 0.000000 0.604411 0.239784
v 0.014477 0.604411 0.239784
v 0.014477 0.600921 0.030306
v 0.014477 0.597901 0.030759
v 0.014477 0.597750 0.037101
v 0.014477 0.606660 0.037404
v 0.014477 0.606207 0.021094
v 0.014477 0.616929 0.021245
v 0.014477 0.617080 0.023812
v 0.014477 0.634446 0.023963
v 0.014477 0.631728 0.120460
v 0.014477 0.615419 0.121216
v 0.014477 0.614361 0.118195
v 0.014477 0.611492 0.118195
v 0.014477 0.611039 0.120611
v 0.014477 0.601978 0.120309
v 0.014477 0.601374 0.158214
v 0.014477 0.610737 0.158516
v 0.014477 0.610586 0.176335
v 0.014477 0.598354 0.175731
v 0.014477 0.598505 0.185698
v 0.014477 0.601223 0.186302
v 0.014477 0.601072 0.195816
v 0.014477 0.604395 0.196269
v 0.000000 0.645022 0.484248
v 0.000000 0.640670 0.261838
v 0.014477 0.645022 0.484248
v 0.014477 0.640670 0.261838
v 0.014477 0.641322 0.360030
v 0.014477 0.628275 0.360247
v 0.014477 0.627405 0.343721
v 0.014477 0.617837 0.343721
v 0.014477 0.617402 0.339371
v 0.014477 0.597613 0.339589
v 0.014477 0.597613 0.344373
v 0.014477 0.584566 0.344373
v 0.014477 0.584348 0.347417
v 0.014477 0.594351 0.347852
v 0.014477 0.594351 0.354811
v 0.014477 0.597613 0.355681
v 0.014477 0.597396 0.376992
v 0.014477 0.601093 0.376992
v 0.014477 0.600875 0.390039
v 0.014477 0.634581 0.389604
v 0.014477 0.634581 0.392431
v 0.014477 0.644367 0.392649
v 0.014477 0.445667 -0.488460
v -0.000000 0.445667 -0.488460
v 0.014477 0.446317 -0.471396
v 0.014477 0.456103 -0.471396
v 0.014477 0.455668 -0.407463
v 0.014477 0.442403 -0.407681
v 0.014477 0.442620 -0.384630
v 0.014477 0.438706 -0.384848
v 0.014477 0.439358 -0.373757
v 0.014477 0.435444 -0.373757
v 0.014477 0.436314 -0.359622
v 0.014477 0.445447 -0.358753
v 0.014477 0.445447 -0.342878
v 0.014477 0.436749 -0.343096
v 0.014477 0.436531 -0.340051
v 0.014477 0.430008 -0.339616
v 0.014477 0.430008 -0.335919
v 0.014477 0.438271 -0.336354
v 0.014477 0.438706 -0.332658
v 0.014477 0.449144 -0.332875
v 0.014477 0.449144 -0.269595
v 0.014477 0.443055 -0.269377
v 0.014477 0.442838 -0.265898
v 0.014477 0.449144 -0.266115
v 0.014477 0.449185 -0.266201
v 0.014477 0.449336 -0.261501
v 0.014477 0.442525 -0.261501
v 0.014477 0.436867 -0.237050
v 0.014477 0.453933 -0.012472
v -0.000000 0.436867 -0.237050
v 0.014477 0.437244 -0.232169
v 0.014477 0.449577 -0.231539
v 0.014477 0.449451 -0.218829
v 0.014477 0.435734 -0.219332
v 0.014477 0.435860 -0.215305
v 0.014477 0.449703 -0.215180
v 0.014477 0.449954 -0.178307
v 0.014477 0.443159 -0.178182
v 0.014477 0.443033 -0.158927
v 0.014477 0.446305 -0.158927
v 0.014477 0.446305 -0.137786
v 0.014477 0.436111 -0.137660
v 0.014477 0.435986 -0.124824
v 0.014477 0.439887 -0.124698
v 0.014477 0.440264 -0.127844
v 0.014477 0.446053 -0.127089
v 0.014477 0.444971 0.016121
v 0.014477 0.449751 0.241223
v -0.000000 0.444971 0.016121
v 0.014477 0.446057 0.067258
v 0.014477 0.456205 0.067983
v 0.014477 0.455843 0.087373
v 0.014477 0.446057 0.087010
v 0.014477 0.445876 0.110387
v 0.014477 0.439715 0.110387
v 0.014477 0.439171 0.123434
v 0.014477 0.424855 0.123978
v 0.014477 0.425399 0.135032
v 0.014477 0.446420 0.134851
v 0.014477 0.446238 0.165295
v 0.014477 0.449863 0.165476
v 0.014477 0.449500 0.178161
v 0.014477 0.446057 0.178343
v 0.014477 0.446238 0.185954
v 0.014477 0.455480 0.185772
v 0.014477 0.455843 0.199364
v 0.014477 0.446420 0.199364
v 0.014477 0.445876 0.219297
v 0.014477 0.449863 0.219297
v 0.000000 0.438750 0.262524
v 0.014477 0.438750 0.262524
v 0.014477 0.452904 0.486833
v 0.000000 0.452904 0.486833
v 0.014477 0.438979 0.269862
v 0.014477 0.446372 0.270514
v 0.014477 0.446372 0.289868
v 0.014477 0.436152 0.289215
v 0.014477 0.435499 0.305742
v 0.014477 0.439414 0.306395
v 0.014477 0.439631 0.319877
v 0.014477 0.427236 0.318137
v 0.014477 0.426149 0.324879
v 0.014477 0.439631 0.327488
v 0.014477 0.438761 0.336839
v 0.014477 0.442241 0.337491
v 0.014477 0.442893 0.361847
v 0.014477 0.449199 0.365543
v 0.014477 0.453549 0.372502
v 0.014477 0.453331 0.383157
v 0.014477 0.465944 0.384462
v 0.014477 0.466813 0.394900
v 0.014477 0.482253 0.395552
v 0.014477 0.482688 0.478404
v 0.014477 0.466596 0.478187
v 0.014477 0.466379 0.483840
v 0.014477 0.452896 0.483840
v 0.014477 0.439196 0.477534
v 0.014477 0.438979 0.461660
v 0.014477 0.424627 0.461007
v 0.014477 0.424844 0.464704
v 0.014477 0.435065 0.465139
v 0.014477 0.435717 0.477534
v 0.014477 0.438109 0.433608
v 0.014477 0.437674 0.410557
v 0.014477 0.426366 0.410340
v 0.014477 0.426149 0.416211
v 0.014477 0.430281 0.416211
v 0.014477 0.430063 0.434260
v 0.014477 0.287823 -0.261058
v 0.014477 0.281467 -0.488366
v -0.000000 0.281467 -0.488366
v 0.014477 0.281254 -0.460320
v 0.014477 0.294301 -0.460102
v 0.014477 0.294301 -0.440748
v 0.014477 0.278481 -0.440531
v 0.014477 0.278300 -0.431289
v 0.014477 0.274495 -0.430927
v 0.014477 0.274313 -0.423678
v 0.014477 0.285367 -0.424222
v 0.014477 0.291166 -0.384898
v 0.014477 0.290985 -0.374206
v 0.014477 0.298053 -0.373663
v 0.014477 0.298415 -0.366052
v 0.014477 0.307838 -0.365870
v 0.014477 0.307476 -0.301720
v 0.014477 0.301858 -0.302626
v 0.014477 0.301133 -0.278343
v 0.014477 0.295334 -0.278343
v 0.014477 0.295153 -0.269464
v 0.014477 0.298234 -0.269464
v 0.014477 0.298053 -0.263846
v 0.014477 0.288086 -0.264027
v -0.000000 0.290495 -0.012292
v 0.014477 0.290495 -0.012292
v -0.000000 0.278161 -0.237709
v -0.000000 0.277977 -0.237708
v 0.014477 0.277977 -0.237708
v 0.014477 0.278340 -0.201922
v 0.014477 0.273991 -0.201560
v 0.014477 0.274354 -0.189781
v 0.014477 0.294106 -0.191412
v 0.014477 0.295012 -0.170935
v 0.014477 0.281421 -0.172022
v 0.014477 0.281240 -0.154988
v 0.014477 0.287945 -0.154263
v 0.014477 0.287930 -0.096214
v 0.014477 0.297141 -0.095912
v 0.014477 0.296839 -0.083226
v 0.014477 0.281587 -0.083377
v 0.014477 0.281738 -0.078092
v 0.014477 0.295933 -0.077337
v 0.014477 0.295480 -0.050759
v 0.014477 0.281134 -0.050759
v 0.014477 0.280983 -0.037772
v 0.014477 0.290648 -0.036866
v 0.014477 0.317465 0.240553
v 0.000000 0.317465 0.240553
v 0.014477 0.291185 0.013755
v -0.000000 0.291185 0.013755
v 0.014477 0.291185 0.023934
v 0.014477 0.311300 0.024478
v 0.014477 0.311662 0.093702
v 0.014477 0.292635 0.093883
v 0.014477 0.296078 0.152234
v 0.014477 0.318367 0.152597
v 0.000000 0.310917 0.487061
v 0.000000 0.294983 0.261762
v 0.014477 0.310917 0.487061
v 0.014477 0.294983 0.261762
v 0.014477 0.295527 0.273112
v 0.014477 0.291540 0.272931
v 0.014477 0.290997 0.292864
v 0.014477 0.294802 0.293408
v 0.014477 0.294440 0.309536
v 0.014477 0.299695 0.309717
v 0.014477 0.302866 0.393330
v 0.014477 0.311347 0.393548
v 0.014477 0.156865 -0.260938
v -0.000000 0.156865 -0.260938
v 0.014477 0.149146 -0.478120
v 0.014477 0.129313 -0.478381
v 0.014477 0.129313 -0.467421
v 0.014477 0.119136 -0.468204
v 0.014477 0.119136 -0.463246
v 0.014477 0.124094 -0.464029
v 0.014477 0.124094 -0.449938
v 0.014477 0.115744 -0.450460
v 0.014477 0.115222 -0.442370
v 0.014477 0.130879 -0.441848
v 0.014477 0.130879 -0.426713
v 0.014477 0.057495 -0.425711
v 0.014477 0.129466 -0.420189
v 0.014477 0.130118 -0.397574
v 0.014477 0.140556 -0.397139
v 0.014477 0.140339 -0.377350
v 0.014477 0.136642 -0.377350
v 0.014477 0.136642 -0.364738
v 0.014477 0.126204 -0.364085
v 0.014477 0.125986 -0.349298
v 0.014477 0.146427 -0.348646
v 0.014477 0.146645 -0.355170
v 0.014477 0.154256 -0.355822
v 0.014477 0.155995 -0.298196
v 0.014477 0.138381 -0.292759
v 0.014477 0.138816 -0.279712
v 0.014477 0.155995 -0.278407
v 0.014477 0.156213 -0.272318
v 0.014477 0.143165 -0.272535
v 0.014477 0.142513 -0.269056
v 0.014477 0.152734 -0.268621
v 0.014477 0.152734 -0.264924
v 0.014477 0.156648 -0.265142
v -0.000000 0.149750 -0.237130
v 0.014477 0.142168 -0.011609
v 0.014477 0.149750 -0.237130
v -0.000000 0.142168 -0.011609
v 0.014477 0.149750 -0.228470
v 0.014477 0.133006 -0.228905
v 0.014477 0.133006 -0.209116
v 0.014477 0.140182 -0.208464
v 0.014477 0.139964 -0.197808
v 0.014477 0.133658 -0.197591
v 0.014477 0.132788 -0.162797
v 0.014477 0.138877 -0.161275
v 0.014477 0.138877 -0.150837
v 0.014477 0.132136 -0.150185
v 0.014477 0.132136 -0.139529
v 0.014477 0.128874 -0.139312
v 0.014477 0.128657 -0.134963
v 0.014477 0.138225 -0.134310
v 0.014477 0.137355 -0.114304
v 0.014477 0.122785 -0.114739
v 0.014477 0.122785 -0.106911
v 0.014477 0.129744 -0.107128
v 0.014477 0.129309 -0.099517
v 0.014477 0.122350 -0.099517
v 0.014477 0.122133 -0.096908
v 0.014477 0.129526 -0.096690
v 0.014477 0.130614 -0.083643
v 0.014477 0.124307 -0.083860
v 0.014477 0.124960 -0.076684
v 0.014477 0.134745 -0.076032
v 0.014477 0.135180 -0.059287
v 0.014477 0.132136 -0.058852
v 0.014477 0.132571 -0.055373
v 0.014477 0.139312 -0.055373
v 0.014477 0.139095 -0.032757
v 0.014477 0.134745 -0.032757
v 0.014477 0.135180 -0.027756
v 0.014477 0.141269 -0.026669
v -0.000000 0.108816 0.013048
v 0.014477 0.108816 0.013048
v 0.014477 0.135634 0.239955
v -0.000000 0.135634 0.239955
v 0.014477 0.108621 0.023858
v 0.014477 0.122575 0.023858
v 0.014477 0.122394 0.036905
v 0.014477 0.115145 0.037630
v 0.014477 0.114783 0.052671
v 0.014477 0.114602 0.059738
v 0.014477 0.114602 0.074598
v 0.014477 0.118226 0.074236
v 0.014477 0.118045 0.084202
v 0.014477 0.118226 0.096887
v 0.014477 0.117682 0.111022
v 0.014477 0.120763 0.111566
v 0.014477 0.120582 0.127875
v 0.014477 0.129824 0.128419
v 0.014477 0.129642 0.137842
v 0.014477 0.132542 0.138204
v 0.014477 0.132723 0.151071
v 0.014477 0.139066 0.151071
v 0.014477 0.138341 0.167924
v 0.014477 0.132723 0.168286
v 0.014477 0.132179 0.181877
v 0.014477 0.128918 0.181696
v 0.014477 0.128736 0.198005
v 0.014477 0.132904 0.198368
v 0.014477 0.132542 0.216127
v 0.014477 0.135441 0.216127
v 0.014477 0.135396 0.262474
v -0.000000 0.135396 0.262474
v 0.014477 0.135604 0.277486
v 0.014477 0.125384 0.277921
v 0.014477 0.126036 0.286837
v 0.014477 0.135604 0.286185
v 0.014477 0.136039 0.303364
v 0.014477 0.113424 0.302712
v 0.014477 0.112989 0.323370
v 0.014477 0.122557 0.323805
v 0.014477 0.122774 0.333591
v 0.014477 0.129950 0.333808
v 0.014477 0.130820 0.345986
v 0.014477 0.136039 0.346638
v 0.014477 0.136039 0.359903
v 0.014477 0.139084 0.359903
v 0.014477 0.139301 0.376865
v 0.014477 0.142998 0.377082
v 0.014477 0.142563 0.386868
v 0.014477 0.128646 0.386868
v 0.014477 0.128428 0.392304
v 0.014477 0.141693 0.392522
v 0.014477 0.141911 0.406222
v 0.014477 0.132125 0.406657
v 0.014477 0.131908 0.415355
v 0.014477 0.146477 0.414920
v 0.014477 0.147347 0.407744
v 0.014477 0.156480 0.412963
v 0.014477 0.157133 0.468850
v 0.014477 0.149957 0.471459
v 0.014477 0.149522 0.479505
v 0.014477 0.153654 0.479505
v 0.014477 0.153436 0.484072
v 0.014477 0.146042 0.484507
v 0.014477 0.146477 0.421879
v 0.014477 0.146477 0.432752
v 0.014477 0.142563 0.432099
v 0.014477 0.142563 0.426010
v 0.014477 0.138866 0.425575
v 0.014477 0.138866 0.422531
v 0.014477 0.146637 0.439458
v 0.014477 0.146912 0.451018
v 0.014477 0.142563 0.444494
v 0.014477 0.136474 0.444712
v 0.014477 0.136039 0.440145
v 0.014477 0.150392 0.457977
v 0.014477 0.150174 0.462326
v 0.014477 0.143651 0.461674
v 0.014477 0.142781 0.458412
v 0.014477 0.137996 0.458846
v 0.014477 0.137779 0.463413
v 0.014477 0.134517 0.463196
v 0.014477 0.134300 0.458194
v 0.014477 0.141476 0.456237
v 0.049693 0.182309 0.486870
v 0.049693 0.180686 0.262852
v 0.049693 0.135634 0.239955
v 0.049693 0.179604 0.239585
v 0.049693 0.180145 0.013944
v 0.049693 0.142168 -0.011609
v 0.049693 0.180686 -0.012571
v 0.049693 0.181227 -0.237129
v 0.049693 0.156865 -0.260938
v 0.049693 0.180686 -0.260938
v 0.049693 0.179062 -0.488202
v 0.049693 0.310917 0.487061
v 0.049693 0.339567 0.486846
v 0.049693 0.339192 0.261761
v 0.049693 0.317465 0.240553
v 0.049693 0.338440 0.240342
v 0.049693 0.338816 0.013754
v 0.049693 0.290495 -0.012292
v 0.049693 0.337313 -0.012174
v 0.049693 0.337689 -0.238010
v 0.049693 0.287823 -0.261058
v 0.049693 0.338440 -0.260932
v 0.049693 0.336937 -0.488647
v 0.049693 0.494444 -0.488314
v 0.049693 0.494894 -0.261501
v 0.049693 0.495345 -0.236700
v 0.049693 0.493993 -0.012593
v 0.049693 0.444971 0.016121
v 0.049693 0.492640 0.016266
v 0.049693 0.493542 0.240825
v 0.049693 0.494894 0.262018
v 0.049693 0.495796 0.486577
v 0.049693 0.649335 0.484232
v 0.049693 0.649335 0.261838
v 0.049693 0.650958 0.014553
v 0.049693 0.649876 0.239112
v 0.049693 0.652040 -0.234897
v 0.049693 0.651499 -0.013044
v 0.049693 0.644243 -0.260870
v 0.049693 0.650958 -0.260870
v 0.049693 0.652040 -0.489216
v 0.049693 0.801385 -0.487593
v 0.049693 0.800844 -0.261411
v 0.049693 0.736290 -0.236770
v 0.049693 0.659481 -0.237067
v 0.049693 0.800844 -0.236520
v 0.049693 0.801385 -0.012502
v 0.049693 0.801385 0.012388
v 0.049693 0.801926 0.237488
v 0.049693 0.803009 0.262379
v 0.049693 0.802468 0.485314
v 0.049693 0.731533 -0.487594
v 0.049693 0.776144 -0.261034
v 0.049693 0.731986 -0.484567
v 0.049693 0.738479 -0.484416
v 0.049693 0.738631 -0.475053
v 0.049693 0.743010 -0.474600
v 0.049693 0.743463 -0.465388
v 0.049693 0.757054 -0.465237
v 0.049693 0.757205 -0.479886
v 0.049693 0.766870 -0.479433
v 0.049693 0.767776 -0.484416
v 0.049693 0.778649 -0.483812
v 0.049693 0.782726 -0.408004
v 0.049693 0.769890 -0.408306
v 0.049693 0.769437 -0.411024
v 0.049693 0.765511 -0.411175
v 0.049693 0.765209 -0.407400
v 0.049693 0.746030 -0.407702
v 0.049693 0.745728 -0.390335
v 0.049693 0.721717 -0.390486
v 0.049693 0.722170 -0.384144
v 0.049693 0.731835 -0.384144
v 0.049693 0.732137 -0.377499
v 0.049693 0.741953 -0.377348
v 0.049693 0.741802 -0.370553
v 0.049693 0.748748 -0.370552
v 0.049693 0.748748 -0.363757
v 0.049693 0.742259 -0.363683
v 0.049693 0.742363 -0.353825
v 0.049693 0.738903 -0.353615
v 0.049693 0.738693 -0.343757
v 0.049693 0.745929 -0.343233
v 0.049693 0.745614 -0.336836
v 0.049693 0.752326 -0.336417
v 0.049693 0.752431 -0.339248
v 0.049693 0.762708 -0.339143
v 0.049693 0.762708 -0.326978
v 0.049693 0.776027 -0.326559
v 0.049693 0.756206 -0.275907
v 0.049693 0.749495 -0.275697
v 0.049693 0.749285 -0.298663
v 0.049693 0.745719 -0.298873
v 0.049693 0.745824 -0.304431
v 0.049693 0.756101 -0.304431
v 0.049693 0.740239 -0.441002
v 0.049693 0.739103 -0.440914
v 0.049693 0.739103 -0.445546
v 0.049693 0.745221 -0.445896
v 0.049693 0.745395 -0.453848
v 0.049693 0.739453 -0.454110
v 0.049693 0.739365 -0.455159
v 0.049693 0.757193 -0.454809
v 0.049693 0.757106 -0.423960
v 0.049693 0.748716 -0.423698
v 0.049693 0.748542 -0.425359
v 0.049693 0.752387 -0.425446
v 0.049693 0.752474 -0.440215
v 0.049693 0.749415 -0.440215
v 0.049693 0.749241 -0.443623
v 0.049693 0.740502 -0.443886
v 0.049693 0.659501 -0.226152
v 0.049693 0.659501 -0.226152
v 0.049693 0.668263 -0.226156
v 0.049693 0.668481 -0.229635
v 0.049693 0.677397 -0.229418
v 0.049693 0.678049 -0.233332
v 0.049693 0.691749 -0.233115
v 0.049693 0.735023 -0.232462
v 0.049693 0.786822 -0.236574
v 0.049693 0.752452 -0.012504
v 0.049693 0.787148 -0.232549
v 0.049693 0.796390 -0.232375
v 0.049693 0.796172 -0.154743
v 0.049693 0.763771 -0.155613
v 0.049693 0.763336 -0.152133
v 0.049693 0.759639 -0.152351
v 0.049693 0.759857 -0.148437
v 0.049693 0.763336 -0.148002
v 0.049693 0.763119 -0.137999
v 0.049693 0.757900 -0.137781
v 0.049693 0.758117 -0.121472
v 0.049693 0.765511 -0.121254
v 0.049693 0.764887 -0.015178
v 0.049693 0.757363 -0.015504
v 0.049693 0.757396 -0.019762
v 0.049693 0.752751 -0.020454
v 0.049693 0.746093 -0.159307
v 0.049693 0.746395 -0.148585
v 0.049693 0.737938 -0.148132
v 0.049693 0.714984 -0.144659
v 0.049693 0.714682 -0.165196
v 0.049693 0.721931 -0.164743
v 0.049693 0.722082 -0.155381
v 0.049693 0.731596 -0.155079
v 0.049693 0.731747 -0.158250
v 0.049693 0.735522 -0.158250
v 0.049693 0.735673 -0.162176
v 0.049693 0.740203 -0.162025
v 0.049693 0.740354 -0.158099
v 0.049693 0.739042 -0.023454
v 0.049693 0.739194 -0.029675
v 0.049693 0.735906 -0.029725
v 0.049693 0.735856 -0.030989
v 0.049693 0.746223 -0.030888
v 0.049693 0.746274 -0.023606
v 0.049693 0.702552 -0.151720
v 0.049693 0.695421 -0.152034
v 0.049693 0.695211 -0.141862
v 0.049693 0.682207 -0.141128
v 0.049693 0.682312 -0.137877
v 0.049693 0.692380 -0.137457
v 0.049693 0.693009 -0.139030
v 0.049693 0.701713 -0.138192
v 0.049693 0.785554 0.012449
v 0.049693 0.760054 0.237489
v 0.049693 0.785706 0.019150
v 0.049693 0.765923 0.019301
v 0.049693 0.765772 0.037423
v 0.049693 0.755957 0.037423
v 0.049693 0.755957 0.057507
v 0.049693 0.745084 0.057507
v 0.049693 0.745537 0.063699
v 0.049693 0.756712 0.064152
v 0.049693 0.755957 0.080914
v 0.049693 0.746443 0.081065
v 0.049693 0.745839 0.087710
v 0.049693 0.751275 0.087861
v 0.049693 0.751426 0.100999
v 0.049693 0.756259 0.101301
v 0.049693 0.755957 0.115647
v 0.049693 0.749614 0.115496
v 0.049693 0.749614 0.121839
v 0.049693 0.761544 0.122292
v 0.049693 0.761393 0.137091
v 0.049693 0.758675 0.137846
v 0.049693 0.772411 0.228420
v 0.049693 0.759594 0.227623
v 0.049693 0.749205 0.262583
v 0.049693 0.756103 0.486023
v 0.049693 0.749508 0.269371
v 0.049693 0.749357 0.269371
v 0.049693 0.759626 0.269975
v 0.049693 0.759475 0.279791
v 0.049693 0.738937 0.278281
v 0.049693 0.738485 0.280848
v 0.049693 0.745431 0.281150
v 0.049693 0.745582 0.288097
v 0.049693 0.748904 0.288248
v 0.049693 0.748904 0.303500
v 0.049693 0.742864 0.303047
v 0.049693 0.742562 0.299574
v 0.049693 0.735917 0.298970
v 0.049693 0.735162 0.306067
v 0.049693 0.749357 0.306671
v 0.049693 0.749206 0.332494
v 0.049693 0.739391 0.332494
v 0.049693 0.739089 0.334911
v 0.049693 0.749055 0.334911
v 0.049693 0.748753 0.343669
v 0.049693 0.755700 0.344424
v 0.049693 0.755700 0.370248
v 0.049693 0.748753 0.369946
v 0.049693 0.748602 0.390332
v 0.049693 0.745733 0.390332
v 0.049693 0.739498 0.390436
v 0.049693 0.739585 0.397340
v 0.049693 0.745878 0.397602
v 0.049693 0.745965 0.410624
v 0.049693 0.738974 0.410799
v 0.049693 0.739148 0.424956
v 0.049693 0.745965 0.425568
v 0.049693 0.745790 0.431248
v 0.049693 0.752432 0.431598
v 0.049693 0.752345 0.451436
v 0.049693 0.746577 0.451348
v 0.049693 0.746140 0.474857
v 0.049693 0.756102 0.474944
v 0.049693 0.591370 -0.489433
v 0.049693 0.591067 -0.465124
v 0.049693 0.594239 -0.464520
v 0.049693 0.594692 -0.458328
v 0.049693 0.601034 -0.458177
v 0.049693 0.604356 -0.458177
v 0.049693 0.604356 -0.478866
v 0.049693 0.629911 -0.475262
v 0.049693 0.627611 -0.379721
v 0.049693 0.611449 -0.379889
v 0.049693 0.610758 -0.393888
v 0.049693 0.602405 -0.394508
v 0.049693 0.602853 -0.409854
v 0.049693 0.587749 -0.409928
v 0.049693 0.587305 -0.400757
v 0.049693 0.581332 -0.400097
v 0.049693 0.581351 -0.395861
v 0.049693 0.591120 -0.395735
v 0.049693 0.590696 -0.379636
v 0.049693 0.587142 -0.379708
v 0.049693 0.586471 -0.368504
v 0.049693 0.590936 -0.368052
v 0.049693 0.590513 -0.343552
v 0.049693 0.586997 -0.343233
v 0.049693 0.587012 -0.336718
v 0.049693 0.590759 -0.336594
v 0.049693 0.591007 -0.328958
v 0.049693 0.595197 -0.325871
v 0.049693 0.594937 -0.349461
v 0.049693 0.606718 -0.349705
v 0.049693 0.606716 -0.346250
v 0.049693 0.617184 -0.346720
v 0.049693 0.617629 -0.343303
v 0.049693 0.621233 -0.343622
v 0.049693 0.621222 -0.339524
v 0.049693 0.644187 -0.338835
v 0.049693 0.601197 -0.011948
v 0.049693 0.581151 -0.443810
v 0.049693 0.600820 -0.443769
v 0.049693 0.580500 -0.431027
v 0.049693 0.587180 -0.431203
v 0.049693 0.587714 -0.427906
v 0.049693 0.593445 -0.427406
v 0.049693 0.593970 -0.423788
v 0.049693 0.611751 -0.226986
v 0.049693 0.621972 -0.226551
v 0.049693 0.604231 -0.443388
v 0.049693 0.603414 -0.423514
v 0.049693 0.621972 -0.219157
v 0.049693 0.624799 -0.219157
v 0.049693 0.624799 -0.223289
v 0.049693 0.631975 -0.223072
v 0.049693 0.631757 -0.148484
v 0.049693 0.625016 -0.148918
v 0.049693 0.625016 -0.131739
v 0.049693 0.620667 -0.131739
v 0.049693 0.620667 -0.124128
v 0.049693 0.605880 -0.124563
v 0.049693 0.605880 -0.097163
v 0.049693 0.599356 -0.097163
v 0.049693 0.591022 -0.101035
v 0.049693 0.588401 -0.101122
v 0.049693 0.581322 -0.114842
v 0.049693 0.587177 -0.114842
v 0.049693 0.587439 -0.131359
v 0.049693 0.584643 -0.131534
v 0.049693 0.584118 -0.141672
v 0.049693 0.591110 -0.141409
v 0.049693 0.591148 -0.164913
v 0.049693 0.590965 -0.178629
v 0.049693 0.580770 -0.178629
v 0.049693 0.580770 -0.175230
v 0.049693 0.587992 -0.174805
v 0.049693 0.587992 -0.164852
v 0.049693 0.588410 -0.208803
v 0.049693 0.588192 -0.215284
v 0.049693 0.581128 -0.215576
v 0.049693 0.581273 -0.208949
v 0.049693 0.501967 -0.104445
v 0.049693 0.502022 -0.087695
v 0.049693 0.586938 -0.087781
v 0.049693 0.581487 -0.104409
v 0.049693 0.600773 0.014370
v 0.049693 0.604411 0.239784
v 0.049693 0.600921 0.030306
v 0.049693 0.597901 0.030759
v 0.049693 0.597750 0.037101
v 0.049693 0.606660 0.037404
v 0.049693 0.606207 0.021094
v 0.049693 0.616929 0.021245
v 0.049693 0.617080 0.023812
v 0.049693 0.634446 0.023963
v 0.049693 0.631728 0.120460
v 0.049693 0.615419 0.121216
v 0.049693 0.614361 0.118195
v 0.049693 0.611492 0.118195
v 0.049693 0.611039 0.120611
v 0.049693 0.601978 0.120309
v 0.049693 0.601374 0.158214
v 0.049693 0.610737 0.158516
v 0.049693 0.610586 0.176335
v 0.049693 0.598354 0.175731
v 0.049693 0.598505 0.185698
v 0.049693 0.601223 0.186302
v 0.049693 0.601072 0.195816
v 0.049693 0.604395 0.196269
v 0.049693 0.645022 0.484248
v 0.049693 0.640670 0.261838
v 0.049693 0.641322 0.360030
v 0.049693 0.628275 0.360247
v 0.049693 0.627405 0.343721
v 0.049693 0.617837 0.343721
v 0.049693 0.617402 0.339371
v 0.049693 0.597613 0.339589
v 0.049693 0.597613 0.344373
v 0.049693 0.584566 0.344373
v 0.049693 0.584348 0.347417
v 0.049693 0.594351 0.347852
v 0.049693 0.594351 0.354811
v 0.049693 0.597613 0.355681
v 0.049693 0.597396 0.376992
v 0.049693 0.601093 0.376992
v 0.049693 0.600875 0.390039
v 0.049693 0.634581 0.389604
v 0.049693 0.634581 0.392431
v 0.049693 0.644367 0.392649
v 0.049693 0.445667 -0.488460
v 0.049693 0.446317 -0.471396
v 0.049693 0.456103 -0.471396
v 0.049693 0.455668 -0.407463
v 0.049693 0.442403 -0.407681
v 0.049693 0.442620 -0.384630
v 0.049693 0.438706 -0.384848
v 0.049693 0.439358 -0.373757
v 0.049693 0.435444 -0.373757
v 0.049693 0.436314 -0.359622
v 0.049693 0.445447 -0.358753
v 0.049693 0.445447 -0.342878
v 0.049693 0.436749 -0.343096
v 0.049693 0.436531 -0.340051
v 0.049693 0.430008 -0.339616
v 0.049693 0.430008 -0.335919
v 0.049693 0.438271 -0.336354
v 0.049693 0.438706 -0.332658
v 0.049693 0.449144 -0.332875
v 0.049693 0.449144 -0.269595
v 0.049693 0.443055 -0.269377
v 0.049693 0.442838 -0.265898
v 0.049693 0.449185 -0.266201
v 0.049693 0.449336 -0.261501
v 0.049693 0.436867 -0.237050
v 0.049693 0.453933 -0.012472
v 0.049693 0.437244 -0.232169
v 0.049693 0.449577 -0.231539
v 0.049693 0.449451 -0.218829
v 0.049693 0.435734 -0.219332
v 0.049693 0.435860 -0.215305
v 0.049693 0.449703 -0.215180
v 0.049693 0.449954 -0.178307
v 0.049693 0.443159 -0.178182
v 0.049693 0.443033 -0.158927
v 0.049693 0.446305 -0.158927
v 0.049693 0.446305 -0.137786
v 0.049693 0.436111 -0.137660
v 0.049693 0.435986 -0.124824
v 0.049693 0.439887 -0.124698
v 0.049693 0.440264 -0.127844
v 0.049693 0.446053 -0.127089
v 0.049693 0.449751 0.241223
v 0.049693 0.446057 0.067258
v 0.049693 0.456205 0.067983
v 0.049693 0.455843 0.087373
v 0.049693 0.446057 0.087010
v 0.049693 0.445876 0.110387
v 0.049693 0.439715 0.110387
v 0.049693 0.439171 0.123434
v 0.049693 0.424855 0.123978
v 0.049693 0.425399 0.135032
v 0.049693 0.446420 0.134851
v 0.049693 0.446238 0.165295
v 0.049693 0.449863 0.165476
v 0.049693 0.449500 0.178161
v 0.049693 0.446057 0.178343
v 0.049693 0.446238 0.185954
v 0.049693 0.455480 0.185772
v 0.049693 0.455843 0.199364
v 0.049693 0.446420 0.199364
v 0.049693 0.445876 0.219297
v 0.049693 0.449863 0.219297
v 0.049693 0.438750 0.262524
v 0.049693 0.452904 0.486833
v 0.049693 0.438979 0.269862
v 0.049693 0.446372 0.270514
v 0.049693 0.446372 0.289868
v 0.049693 0.436152 0.289215
v 0.049693 0.435499 0.305742
v 0.049693 0.439414 0.306395
v 0.049693 0.439631 0.319877
v 0.049693 0.427236 0.318137
v 0.049693 0.426149 0.324879
v 0.049693 0.439631 0.327488
v 0.049693 0.438761 0.336839
v 0.049693 0.442241 0.337491
v 0.049693 0.442893 0.361847
v 0.049693 0.449199 0.365543
v 0.049693 0.453549 0.372502
v 0.049693 0.453331 0.383157
v 0.049693 0.465944 0.384462
v 0.049693 0.466813 0.394900
v 0.049693 0.482253 0.395552
v 0.049693 0.482688 0.478404
v 0.049693 0.466596 0.478187
v 0.049693 0.466379 0.483840
v 0.049693 0.452896 0.483840
v 0.049693 0.439196 0.477534
v 0.049693 0.438979 0.461660
v 0.049693 0.424627 0.461007
v 0.049693 0.424844 0.464704
v 0.049693 0.435065 0.465139
v 0.049693 0.435717 0.477534
v 0.049693 0.438109 0.433608
v 0.049693 0.437674 0.410557
v 0.049693 0.426366 0.410340
v 0.049693 0.426149 0.416211
v 0.049693 0.430281 0.416211
v 0.049693 0.430063 0.434260
v 0.049693 0.281467 -0.488366
v 0.049693 0.281254 -0.460320
v 0.049693 0.294301 -0.460102
v 0.049693 0.294301 -0.440748
v 0.049693 0.278481 -0.440531
v 0.049693 0.278300 -0.431289
v 0.049693 0.274495 -0.430927
v 0.049693 0.274313 -0.423678
v 0.049693 0.285367 -0.424222
v 0.049693 0.286092 -0.434551
v 0.049693 0.304395 -0.433826
v 0.049693 0.304576 -0.384173
v 0.049693 0.291166 -0.384898
v 0.049693 0.290985 -0.374206
v 0.049693 0.298053 -0.373663
v 0.049693 0.298415 -0.366052
v 0.049693 0.307838 -0.365870
v 0.049693 0.307476 -0.301720
v 0.049693 0.301858 -0.302626
v 0.049693 0.301133 -0.278343
v 0.049693 0.295334 -0.278343
v 0.049693 0.295153 -0.269464
v 0.049693 0.298234 -0.269464
v 0.049693 0.298053 -0.263846
v 0.049693 0.288086 -0.264027
v 0.049693 0.277977 -0.237708
v 0.049693 0.278340 -0.201922
v 0.049693 0.273991 -0.201560
v 0.049693 0.274354 -0.189781
v 0.049693 0.294106 -0.191412
v 0.049693 0.295012 -0.170935
v 0.049693 0.281421 -0.172022
v 0.049693 0.281240 -0.154988
v 0.049693 0.287945 -0.154263
v 0.049693 0.287930 -0.096214
v 0.049693 0.297141 -0.095912
v 0.049693 0.296839 -0.083226
v 0.049693 0.281587 -0.083377
v 0.049693 0.281738 -0.078092
v 0.049693 0.295933 -0.077337
v 0.049693 0.295480 -0.050759
v 0.049693 0.281134 -0.050759
v 0.049693 0.280983 -0.037772
v 0.049693 0.290648 -0.036866
v 0.049693 0.291185 0.013755
v 0.049693 0.291185 0.023934
v 0.049693 0.311300 0.024478
v 0.049693 0.311662 0.093702
v 0.049693 0.292635 0.093883
v 0.049693 0.296078 0.152234
v 0.049693 0.318367 0.152597
v 0.049693 0.294983 0.261762
v 0.049693 0.295527 0.273112
v 0.049693 0.291540 0.272931
v 0.049693 0.290997 0.292864
v 0.049693 0.294802 0.293408
v 0.049693 0.294440 0.309536
v 0.049693 0.299695 0.309717
v 0.049693 0.302866 0.393330
v 0.049693 0.311347 0.393548
v 0.049693 0.129313 -0.478381
v 0.049693 0.129313 -0.467421
v 0.049693 0.119136 -0.468204
v 0.049693 0.119136 -0.463246
v 0.049693 0.124094 -0.464029
v 0.049693 0.124094 -0.449938
v 0.049693 0.115744 -0.450460
v 0.049693 0.115222 -0.442370
v 0.049693 0.130879 -0.441848
v 0.049693 0.130879 -0.426713
v 0.049693 0.057495 -0.425711
v 0.049693 0.129466 -0.420189
v 0.049693 0.130118 -0.397574
v 0.049693 0.140556 -0.397139
v 0.049693 0.140339 -0.377350
v 0.049693 0.136642 -0.377350
v 0.049693 0.136642 -0.364738
v 0.049693 0.126204 -0.364085
v 0.049693 0.125986 -0.349298
v 0.049693 0.146427 -0.348646
v 0.049693 0.146645 -0.355170
v 0.049693 0.154256 -0.355822
v 0.049693 0.155995 -0.298196
v 0.049693 0.138381 -0.292759
v 0.049693 0.138816 -0.279712
v 0.049693 0.155995 -0.278407
v 0.049693 0.156213 -0.272318
v 0.049693 0.143165 -0.272535
v 0.049693 0.142513 -0.269056
v 0.049693 0.152734 -0.268621
v 0.049693 0.152734 -0.264924
v 0.049693 0.156648 -0.265142
v 0.049693 0.149750 -0.237130
v 0.049693 0.149750 -0.228470
v 0.049693 0.133006 -0.228905
v 0.049693 0.133006 -0.209116
v 0.049693 0.140182 -0.208464
v 0.049693 0.139964 -0.197808
v 0.049693 0.133658 -0.197591
v 0.049693 0.132788 -0.162797
v 0.049693 0.138877 -0.161275
v 0.049693 0.138877 -0.150837
v 0.049693 0.132136 -0.150185
v 0.049693 0.132136 -0.139529
v 0.049693 0.128874 -0.139312
v 0.049693 0.128657 -0.134963
v 0.049693 0.138225 -0.134310
v 0.049693 0.137355 -0.114304
v 0.049693 0.122785 -0.114739
v 0.049693 0.122785 -0.106911
v 0.049693 0.129744 -0.107128
v 0.049693 0.129309 -0.099517
v 0.049693 0.122350 -0.099517
v 0.049693 0.122133 -0.096908
v 0.049693 0.129526 -0.096690
v 0.049693 0.130614 -0.083643
v 0.049693 0.124307 -0.083860
v 0.049693 0.124960 -0.076684
v 0.049693 0.134745 -0.076032
v 0.049693 0.135180 -0.059287
v 0.049693 0.132136 -0.058852
v 0.049693 0.132571 -0.055373
v 0.049693 0.139312 -0.055373
v 0.049693 0.139095 -0.032757
v 0.049693 0.134745 -0.032757
v 0.049693 0.135180 -0.027756
v 0.049693 0.141269 -0.026669
v 0.049693 0.108816 0.013048
v 0.049693 0.108621 0.023858
v 0.049693 0.122575 0.023858
v 0.049693 0.122394 0.036905
v 0.049693 0.115145 0.037630
v 0.049693 0.114783 0.052671
v 0.049693 0.114602 0.059738
v 0.049693 0.114602 0.074598
v 0.049693 0.118226 0.074236
v 0.049693 0.118045 0.084202
v 0.049693 0.118226 0.096887
v 0.049693 0.117682 0.111022
v 0.049693 0.120763 0.111566
v 0.049693 0.120582 0.127875
v 0.049693 0.129824 0.128419
v 0.049693 0.129642 0.137842
v 0.049693 0.132542 0.138204
v 0.049693 0.132723 0.151071
v 0.049693 0.139066 0.151071
v 0.049693 0.138341 0.167924
v 0.049693 0.132723 0.168286
v 0.049693 0.132179 0.181877
v 0.049693 0.128918 0.181696
v 0.049693 0.128736 0.198005
v 0.049693 0.132904 0.198368
v 0.049693 0.132542 0.216127
v 0.049693 0.135441 0.216127
v 0.049693 0.135396 0.262474
v 0.049693 0.135604 0.277486
v 0.049693 0.125384 0.277921
v 0.049693 0.126036 0.286837
v 0.049693 0.135604 0.286185
v 0.049693 0.136039 0.303364
v 0.049693 0.113424 0.302712
v 0.049693 0.112989 0.323370
v 0.049693 0.122557 0.323805
v 0.049693 0.122774 0.333591
v 0.049693 0.129950 0.333808
v 0.049693 0.130820 0.345986
v 0.049693 0.136039 0.346638
v 0.049693 0.136039 0.359903
v 0.049693 0.139084 0.359903
v 0.049693 0.139301 0.376865
v 0.049693 0.142998 0.377082
v 0.049693 0.142563 0.386868
v 0.049693 0.128646 0.386868
v 0.049693 0.128428 0.392304
v 0.049693 0.141693 0.392522
v 0.049693 0.141911 0.406222
v 0.049693 0.132125 0.406657
v 0.049693 0.131908 0.415355
v 0.049693 0.146477 0.414920
v 0.049693 0.147347 0.407744
v 0.049693 0.156480 0.412963
v 0.049693 0.157133 0.468850
v 0.049693 0.149957 0.471459
v 0.049693 0.149522 0.479505
v 0.049693 0.153654 0.479505
v 0.049693 0.153436 0.484072
v 0.049693 0.146042 0.484507
v 0.049693 0.146477 0.421879
v 0.049693 0.146477 0.432752
v 0.049693 0.142563 0.432099
v 0.049693 0.142563 0.426010
v 0.049693 0.138866 0.425575
v 0.049693 0.138866 0.422531
v 0.049693 0.146637 0.439458
v 0.049693 0.146912 0.451018
v 0.049693 0.142563 0.444494
v 0.049693 0.136474 0.444712
v 0.049693 0.136039 0.440145
v 0.049693 0.150392 0.457977
v 0.049693 0.150174 0.462326
v 0.049693 0.143651 0.461674
v 0.049693 0.142781 0.458412
v 0.049693 0.137996 0.458846
v 0.049693 0.137779 0.463413
v 0.049693 0.134517 0.463196
v 0.049693 0.134300 0.458194
v 0.049693 0.141476 0.456237
v 0.014477 0.611742 -0.235186
v 0.049836 0.611742 -0.235186
v 0.049836 0.652040 -0.234897
v 0.049836 0.611751 -0.226986
v 0.014477 0.129323 -0.488203
v 0.049620 0.129313 -0.478381
v 0.049620 0.179062 -0.488202
v 0.049620 0.129323 -0.488203
v 0.014477 0.290892 -0.423188
v 0.049113 0.285367 -0.424222
v 0.049113 0.286092 -0.434551
v 0.049113 0.304395 -0.433826
v 0.049113 0.304576 -0.384173
v 0.049113 0.291166 -0.384898
v 0.049113 0.290892 -0.423188
vn -1.0000 -0.0000 -0.0000
vn 1.0000 -0.0000 -0.0000
vn -0.0000 -0.0000 -1.0000
vn -0.0000 -0.0000 1.0000
vn -0.0000 1.0000 -0.0000
vn -0.0000 -1.0000 -0.0000
vn -0.0000 0.0084 1.0000
vn -0.0000 -0.0098 -1.0000
vn -0.0000 1.0000 -0.0052
vn -0.0000 -0.0049 1.0000
vn -0.0000 -0.0149 0.9999
vn -0.0000 0.0045 -1.0000
vn -0.0000 0.9989 0.0476
vn -0.0000 0.9947 -0.1029
vn -0.0000 -0.0208 0.9998
vn -0.0000 0.0526 -0.9986
vn -0.0000 -0.0001 -1.0000
vn -0.0000 0.9998 -0.0175
vn -0.0000 0.9996 -0.0286
vn -0.0000 0.9946 -0.1033
vn -0.0000 0.0712 0.9975
vn -0.0000 -0.0688 0.9976
vn -0.0000 0.9982 -0.0605
vn -0.0000 0.9998 -0.0208
vn -0.0000 -0.0767 -0.9971
vn -0.0000 0.0241 -0.9997
vn -0.0000 0.9987 0.0512
vn -0.0000 0.9972 -0.0748
vn -0.0000 0.0345 -0.9994
vn -0.0000 0.0434 0.9991
vn -0.0000 -0.0521 0.9986
vn -0.0000 0.9999 -0.0151
vn -0.0000 0.9984 -0.0571
vn -0.0000 0.9971 0.0767
vn -0.0000 0.1789 -0.9839
vn -0.0000 0.0730 -0.9973
vn -0.0112 -0.0011 0.9999
vn -0.0000 -1.0000 0.0027
vn 0.0112 -0.0189 -0.9998
vn -0.0000 0.1146 -0.9934
vn -0.0000 0.9959 0.0905
vn -0.0000 -0.4409 0.8976
vn -0.0000 0.9962 0.0866
vn -0.0000 0.9997 -0.0254
vn -0.0000 0.0384 -0.9993
vn -0.0000 0.9965 -0.0830
vn -0.0000 -0.0189 -0.9998
vn -0.0000 -0.0938 0.9956
vn -0.0000 -0.1738 0.9848
vn -0.0000 -0.3938 0.9192
vn -0.0000 0.9996 -0.0294
vn -0.0000 -1.0000 -0.0086
vn -0.0000 0.9965 0.0830
vn -0.0000 0.3965 -0.9180
vn -0.0000 0.3443 -0.9389
vn -0.0000 0.9998 0.0204
vn -0.0000 -0.9749 0.2226
vn -0.0000 -0.0946 0.9955
vn -0.0000 0.7226 -0.6912
vn -0.0000 -0.0011 1.0000
vn -0.0000 0.0555 0.9985
vn -0.0000 0.3011 -0.9536
vn -0.0000 0.1437 -0.9896
vn -0.0000 -0.3511 0.9363
vn -0.0000 0.9995 0.0303
vn -0.0253 -0.0010 -0.9997
vn 0.0253 0.0128 0.9996
vn -0.0006 0.9916 -0.1293
vn -0.0001 0.9997 -0.0263
vn -0.0046 -0.0905 -0.9959
vn -0.0002 0.9993 -0.0363
vn -0.0046 -0.0010 -1.0000
vn 0.0001 0.9999 0.0154
vn 0.0045 0.2095 0.9778
vn -0.0000 1.0000 -0.0018
vn -0.0011 0.9712 -0.2382
vn 0.0045 0.2559 0.9667
vn -0.0046 -0.1644 -0.9864
vn -0.0002 0.9988 -0.0491
vn 0.0046 0.0128 0.9999
vn -0.0046 0.0830 -0.9965
vn 0.0044 0.3162 0.9487
vn -0.0001 0.9996 -0.0286
vn -0.0046 -0.1544 -0.9880
vn -0.0002 0.9994 -0.0351
vn 0.0046 -0.0995 0.9950
vn 0.0044 0.2747 0.9615
vn 0.0003 0.9985 0.0543
vn -0.0010 0.9775 -0.2108
vn -0.0004 0.9964 -0.0844
vn -0.0046 -0.0000 -1.0000
vn -0.0046 -0.0322 -0.9995
vn -0.0043 -0.3493 -0.9370
vn -0.0000 -1.0000 0.0068
vn -0.0000 0.9999 -0.0111
vn -0.0013 0.0217 -0.9998
vn 0.0013 0.0102 0.9999
vn -0.0000 0.0232 -0.9997
vn -0.0000 0.1888 -0.9820
vn -0.0000 0.9997 -0.0244
vn -0.0000 -0.0454 0.9990
vn -0.0000 0.9912 0.1322
vn -0.0000 0.1047 0.9945
vn -0.0000 0.9978 -0.0665
vn -0.0000 0.0217 -0.9998
vn -0.0000 0.0342 -0.9994
vn -0.0000 0.0102 0.9999
vn -0.0000 0.6258 -0.7800
vn -0.0000 0.9994 -0.0339
vn -0.0000 0.9991 -0.0415
vn -0.0000 0.0118 0.9999
vn -0.0000 0.9992 -0.0392
vn -0.0000 -0.0253 0.9997
vn -0.0000 0.9908 -0.1351
vn -0.0000 -0.0767 0.9971
vn -0.0000 0.9994 0.0333
vn -0.0000 1.0000 -0.0013
vn -0.0000 0.0025 -1.0000
vn -0.0000 1.0000 -0.0021
vn -0.0000 -0.0037 -1.0000
vn -0.0000 -1.0000 0.0024
vn -0.0000 -0.0126 0.9999
vn -0.0000 1.0000 -0.0033
vn -0.0000 -0.0039 1.0000
vn -0.0000 -1.0000 -0.0024
vn -0.0000 0.0050 1.0000
vn -0.0000 1.0000 -0.0019
vn -0.0000 -0.0084 -1.0000
vn -0.0000 -1.0000 -0.0017
vn -0.0000 -0.0060 -1.0000
vn -0.0000 -1.0000 0.0040
vn -0.0000 -0.0153 -0.9999
vn -0.0000 -1.0000 0.0066
vn -0.0000 -0.0250 -0.9997
vn -0.0000 0.0051 1.0000
vn -0.0000 0.0038 1.0000
vn -0.0000 -0.0036 1.0000
vn -0.0000 1.0000 -0.0005
vn -0.0000 -1.0000 -0.0048
vn -0.0000 -0.0030 1.0000
vn -0.0000 -0.0148 -0.9999
vn -0.0000 -1.0000 0.0020
vn -0.0000 -1.0000 0.0071
vn -0.0000 -0.0072 1.0000
vn -0.0000 -0.0060 1.0000
vn -0.0000 -0.0218 -0.9998
vn -0.0000 -1.0000 -0.0060
vn -0.0000 -0.0075 -1.0000
vn -0.0000 -0.0030 -1.0000
vn -0.0000 -1.0000 0.0017
vn -0.0000 -1.0000 -0.0047
vn -0.0000 -0.0101 -0.9999
vn -0.0000 -0.0091 -1.0000
vn -0.0000 -0.0041 -1.0000
vn -0.0000 -1.0000 0.0072
vn -0.0000 -0.0084 1.0000
vn -0.0000 0.0090 1.0000
vn -0.0000 0.2676 0.9635
vn -0.0000 0.9999 0.0102
vn -0.0000 0.0434 -0.9991
vn -0.0000 0.0379 -0.9993
vn -0.0000 0.9975 0.0712
vn -0.0000 -0.0238 0.9997
vn -0.0000 0.9998 0.0210
vn -0.0000 0.0110 0.9999
vn -0.0000 0.0624 -0.9981
vn -0.0000 -0.9950 0.0995
vn -0.0000 0.9999 -0.0115
vn -0.0000 0.0278 -0.9996
vn -0.0000 -0.9986 0.0526
vn -0.0000 1.0000 -0.0066
vn -0.0000 0.9999 0.0103
vn -0.0000 0.0159 0.9999
vn -0.0000 0.0167 0.9999
vn -0.0000 0.0049 1.0000
vn -0.0000 0.0163 -0.9999
vn -0.0000 0.9990 0.0450
vn -0.0000 0.9983 -0.0589
vn -0.0000 0.0405 -0.9992
vn -0.0000 0.0095 1.0000
vn -0.0000 0.9973 -0.0730
vn -0.0000 0.9989 -0.0478
vn -0.0000 0.2577 -0.9662
vn -0.0000 0.9887 -0.1499
vn -0.0000 0.9996 0.0273
vn -0.0000 -0.0620 0.9981
vn -0.0000 0.1414 -0.9899
vn -0.0000 0.9989 -0.0466
vn -0.0000 0.9997 0.0225
vn -0.0000 0.9999 0.0167
vn -0.0000 -0.0129 -0.9999
vn -0.0000 0.9993 -0.0379
vn -0.0000 0.0256 -0.9997
vn -0.0000 0.0222 -0.9998
vn -0.0000 1.0000 0.0046
vn -0.0000 1.0000 -0.0071
vn -0.0000 0.9997 -0.0224
vn -0.0000 0.0596 -0.9982
vn -0.0000 0.9999 0.0154
vn -0.0000 -0.0733 0.9973
vn -0.0000 0.9993 -0.0381
vn -0.0000 0.9848 0.1738
vn -0.0000 -0.1560 -0.9878
vn -0.0000 1.0000 0.0068
vn -0.0000 -0.0164 0.9999
vn -0.0000 0.9998 -0.0217
vn -0.0000 -0.0624 0.9981
vn -0.0000 1.0000 -0.0094
vn -0.0000 0.0454 -0.9990
vn -0.0000 0.9979 0.0644
vn -0.0000 -0.0555 0.9985
vn -0.0000 0.0333 -0.9994
vn -0.0000 0.9983 -0.0587
vn -0.0000 -0.0748 0.9972
vn -0.0000 -0.9962 0.0866
vn -0.0000 0.0137 0.9999
vn -0.0000 0.9981 -0.0614
vn -0.0000 -0.0905 0.9959
vn -0.0000 0.0765 -0.9971
vn -0.0000 0.0948 -0.9955
vn -0.0000 0.9944 0.1058
vn -0.0000 0.9996 -0.0288
vn -0.0000 0.0425 -0.9991
vn -0.0000 0.0416 -0.9991
vn -0.0000 -0.0250 0.9997
vn -0.0000 1.0000 0.0058
vn -0.0000 0.9999 0.0110
vn -0.0000 0.0665 0.9978
vn -0.0000 0.9923 0.1240
vn -0.0000 0.0624 0.9981
vn -0.0000 -0.0526 -0.9986
vn -0.0000 0.9994 0.0345
vn -0.0000 0.9999 0.0147
vn -0.0000 0.9932 -0.1168
vn -0.0000 0.1081 -0.9941
vn -0.0000 0.0319 -0.9995
vn -0.0000 -0.0208 -0.9998
vn -0.0000 -0.9994 -0.0333
vn -0.0000 -0.0434 0.9991
vn -0.0000 -0.0854 -0.9963
vn -0.0000 0.0357 0.9994
vn -0.0000 1.0000 0.0074
vn -0.0000 0.9995 -0.0302
vn -0.0000 0.9981 0.0624
vn -0.0000 0.2949 0.9555
vn -0.0000 0.9994 -0.0333
vn -0.0000 0.9995 -0.0321
vn -0.0000 0.9999 -0.0127
vn -0.0000 0.0757 -0.9971
vn -0.0000 -0.0477 -0.9989
vn -0.0000 0.9994 -0.0357
vn -0.0000 1.0000 -0.0067
vn -0.0000 -0.0167 0.9999
vn -0.0000 0.0250 0.9997
vn -0.0000 0.9829 0.1843
vn -0.0000 0.9999 -0.0123
vn -0.0000 0.0894 -0.9960
vn -0.0000 0.9995 0.0308
vn -0.0000 -0.0555 -0.9985
vn -0.0000 0.0525 -0.9986
vn -0.0000 0.9987 -0.0517
vn -0.0000 1.0000 0.0044
vn -0.0000 0.0510 -0.9987
vn -0.0000 -0.0151 0.9999
vn -0.0000 0.9970 -0.0770
vn -0.0000 0.9998 0.0186
vn -0.0000 1.0000 0.0099
vn -0.0000 0.0088 -1.0000
vn -0.0000 -0.0367 0.9993
vn -0.0000 1.0000 -0.0001
vn -0.0000 0.9995 -0.0312
vn -0.0000 0.0091 -1.0000
vn -0.0000 1.0000 -0.0068
vn -0.0000 0.0233 -0.9997
vn -0.0000 -0.0260 0.9997
vn -0.0000 0.0185 0.9998
vn -0.0000 0.9890 -0.1480
vn -0.0000 1.0000 0.0065
vn -0.0000 0.9999 -0.0161
vn -0.0000 0.9999 0.0124
vn -0.0000 0.1029 -0.9947
vn -0.0000 0.0905 -0.9959
vn -0.0000 0.1871 -0.9823
vn -0.0000 0.9988 -0.0491
vn -0.0000 0.0123 0.9999
vn -0.0000 0.0111 -0.9999
vn -0.0000 0.0345 0.9994
vn -0.0000 1.0000 0.0098
vn -0.0000 0.0238 -0.9997
vn -0.0000 -0.9999 -0.0103
vn -0.0000 0.9997 0.0250
vn -0.0000 0.0322 -0.9995
vn -0.0000 0.0468 -0.9989
vn -0.0000 0.2425 -0.9701
vn -0.0000 -0.9929 -0.1191
vn -0.0000 -0.9839 -0.1789
vn -0.0000 0.1293 -0.9916
vn -0.0000 0.1396 -0.9902
vn -0.0000 0.0555 -0.9985
vn -0.0000 0.0963 0.9953
vn -0.0000 0.9976 -0.0686
vn -0.0000 0.9997 0.0241
vn -0.0000 0.9986 -0.0537
vn -0.0000 -0.0104 0.9999
vn -0.0000 -0.0235 0.9997
vn -0.0000 -0.9988 0.0493
vn -0.0000 -0.9864 0.1644
vn -0.0000 0.9988 0.0499
vn -0.0000 -0.0740 0.9973
vn -0.0000 -0.0384 0.9993
vn -0.0000 0.0680 -0.9977
vn -0.0000 -0.9996 -0.0292
vn -0.0000 0.9968 0.0798
vn -0.0000 0.9991 0.0434
vn -0.0000 0.0712 -0.9975
vn -0.0000 -0.0157 0.9999
vn -0.0000 -0.0298 0.9996
vn -0.0000 0.9998 -0.0212
vn -0.0000 0.9988 0.0484
vn -0.0000 0.9998 0.0174
vn -0.0000 0.9998 0.0187
vn -0.0000 0.1099 0.9939
vn -0.0000 -0.0063 1.0000
vn -0.0000 -0.0312 -0.9995
vn -0.0000 -0.0370 0.9993
vn -0.0000 1.0000 -0.0045
vn -0.0000 0.9975 -0.0712
vn -0.0000 0.9984 0.0570
vn -0.0000 1.0000 0.0078
vn -0.0000 0.0130 -0.9999
vn -0.0000 0.9997 0.0263
vn -0.0000 0.9990 -0.0454
vn -0.0000 0.9991 0.0416
vn -0.0000 -0.0202 0.9998
vn -0.0000 0.0154 -0.9999
vn -0.0000 0.0294 -0.9996
vn -0.0000 0.0379 0.9993
vn -0.0000 0.9982 0.0598
vn -0.0000 0.9998 0.0222
vn -0.0000 0.1007 -0.9949
vn -0.0000 -0.0345 0.9994
vn -0.0000 -0.0086 -1.0000
vn -0.0000 0.9999 0.0173
vn -0.0000 0.9959 -0.0905
vn -0.0000 1.0000 0.0060
vn -0.0000 0.0904 0.9959
vn -0.0000 0.0114 0.9999
vn -0.0000 0.0665 -0.9978
vn -0.0000 0.0499 -0.9988
vn -0.0000 1.0000 -0.0024
vn -0.0000 0.9999 -0.0106
vn -0.0000 0.9997 -0.0260
vn -0.0000 0.9996 0.0286
vn -0.0000 0.0331 -0.9995
vn -0.0000 0.0605 0.9982
vn -0.0000 0.1414 0.9899
vn -0.0000 0.0526 0.9986
vn -0.0000 0.9995 -0.0324
vn -0.0000 0.9998 0.0213
vn -0.0000 0.9923 -0.1240
vn -0.0000 0.9997 -0.0238
vn -0.0000 0.5930 -0.8052
vn -0.0000 0.0723 -0.9974
vn -0.0000 -0.0196 -0.9998
vn -0.0000 -0.9999 0.0110
vn -0.0000 0.9988 0.0491
vn -0.0000 1.0000 0.0096
vn -0.0000 0.9996 -0.0267
vn -0.0000 -0.0207 -0.9998
vn -0.0000 1.0000 0.0006
vn -0.0000 -0.9993 -0.0370
vn -0.0000 0.9962 -0.0866
vn -0.0000 -0.0449 -0.9990
vn -0.0000 0.0102 -0.9999
vn -0.0000 0.1758 -0.9844
vn -0.0000 0.9917 -0.1289
vn -0.0000 0.9982 -0.0595
vn -0.0000 1.0000 0.0051
vn -0.0000 -0.0879 -0.9961
vn -0.0000 0.0315 -0.9995
vn -0.0000 1.0000 0.0028
vn -0.0000 0.0300 -0.9996
vn -0.0000 1.0000 -0.0007
vn -0.0000 1.0000 -0.0091
vn -0.0000 0.0587 -0.9983
vn -0.0000 0.9998 0.0189
vn -0.0000 0.9998 0.0180
vn -0.0000 0.0879 -0.9961
vn -0.0000 -1.0000 0.0037
vn -0.0000 0.9999 0.0139
vn -0.0000 0.0995 0.9950
vn -0.0000 -0.0637 0.9980
vn -0.0000 0.9992 0.0394
vn -0.0000 0.9997 0.0256
vn -0.0000 0.1644 -0.9864
vn -0.0000 0.0570 0.9984
vn -0.0000 -0.0995 -0.9950
vn -0.0000 -0.1390 0.9903
vn -0.0000 0.9998 0.0220
vn -0.0000 0.9998 0.0182
vn -0.0000 0.9872 0.1592
vn -0.0000 0.0441 -0.9990
vn -0.0000 0.9999 -0.0143
vn -0.0000 0.1900 -0.9818
vn -0.0000 0.9993 0.0384
vn -0.0000 0.9957 0.0926
vn -0.0000 -0.0196 0.9998
vn -0.0000 0.1738 -0.9848
vn -0.0000 0.1843 -0.9829
vn -0.0000 -0.0020 1.0000
vn -0.0000 -1.0000 -0.0028
vn -0.0000 0.9999 0.0111
vn -0.0000 0.9996 -0.0268
vn -0.0000 0.9987 0.0508
vn -0.0000 0.5057 -0.8627
vn -0.0000 -0.0263 -0.9997
vn -0.0000 0.9945 -0.1047
vn -0.0000 0.9998 0.0192
vn -0.0000 0.8480 -0.5300
vn -0.0000 0.9871 -0.1599
vn -0.0000 0.0227 0.9997
vn -0.0000 0.1240 -0.9923
vn -0.0000 0.0869 -0.9962
vn -0.0000 1.0000 0.0059
vn -0.0000 0.9999 -0.0141
vn -0.0000 0.9896 -0.1435
vn -0.0000 0.9987 -0.0512
vn -0.0000 0.9991 0.0430
vn -0.0000 0.0422 -0.9991
vn -0.0000 0.0644 0.9979
vn -0.0000 -0.9959 -0.0905
vn -0.0000 0.9992 0.0400
vn -0.0000 -0.0135 0.9999
vn -0.0000 -0.1111 0.9938
vn -0.0000 -0.9992 -0.0411
vn -0.0000 0.0866 -0.9962
vn -0.0000 1.0000 -0.0025
vn -0.0000 0.0290 -0.9996
vn -0.0000 -0.9999 0.0137
vn -0.0000 1.0000 -0.0081
vn -0.0000 0.0303 -0.9995
vn -0.0000 -0.9981 -0.0624
vn -0.0000 0.9986 -0.0526
vn -0.0000 1.0000 0.0029
vn -0.0000 0.0425 0.9991
vn -0.0000 -0.0644 0.9979
vn -0.0000 -0.0004 -1.0000
vn -0.0000 0.0244 -0.9997
vn -0.0000 0.9999 -0.0139
vn -0.0000 -0.9864 -0.1644
vn -0.0000 -0.0680 -0.9977
vn -0.0000 -0.9998 0.0189
vn -0.0000 0.0159 -0.9999
vn -0.0000 0.9997 -0.0253
vn -0.0000 -0.0192 0.9998
vn -0.0000 -0.0294 0.9996
vn -0.0000 0.0151 -0.9999
vn -0.0000 -0.0288 0.9996
vn -0.0000 0.9993 0.0370
vn -0.0000 -0.9594 -0.2822
vn -0.0000 0.9999 0.0120
vn -0.0000 0.9998 -0.0216
vn -0.0000 0.9998 -0.0222
vn -0.0000 -0.0808 -0.9967
vn -0.0000 0.0188 -0.9998
vn -0.0000 0.9967 -0.0807
vn -0.0000 0.9999 0.0159
vn -0.0000 0.0167 -0.9999
vn -0.0000 -0.0268 0.9996
vn -0.0000 0.9999 -0.0128
vn -0.0000 1.0000 0.0076
vn -0.0000 -0.0375 0.9993
vn -0.0000 -0.0586 0.9983
vn -0.0000 0.9990 0.0444
vn -0.0000 -1.0000 -0.0022
vn -0.0000 0.9985 -0.0555
vn -0.0000 0.9998 0.0196
vn -0.0000 0.0948 0.9955
vn -0.0000 0.9998 0.0217
vn -0.0000 0.0164 -0.9999
vn -0.0000 -0.9999 0.0133
vn -0.0000 0.0416 0.9991
vn -0.0000 0.9999 -0.0159
vn -0.0000 -0.0491 -0.9988
vn -0.0000 0.9999 -0.0133
vn -0.0000 0.0444 0.9990
vn -0.0000 -0.0298 -0.9996
vn -0.0000 -0.9927 -0.1203
vn -0.0000 -0.0192 -0.9998
vn -0.0000 -1.0000 -0.0078
vn -0.0000 0.4961 -0.8682
vn -0.0000 0.9999 0.0169
vn -0.0000 -0.1474 0.9891
vn -0.0000 0.9999 -0.0117
vn -0.0000 0.0767 -0.9971
vn -0.0000 -0.9994 0.0337
vn -0.0000 0.9993 0.0376
vn -0.0000 0.3417 0.9398
vn -0.0000 0.9989 -0.0476
vn -0.0000 -0.0412 0.9992
vn -0.0000 0.9985 0.0540
vn -0.0000 0.0192 -0.9998
vn -0.0000 0.9998 -0.0220
vn -0.0000 -0.9996 0.0282
vn -0.0000 1.0000 0.0056
vn -0.0000 0.0204 -0.9998
vn -0.0000 -0.0535 -0.9986
vn -0.0000 -0.1592 0.9872
vn -0.0000 -0.1496 -0.9887
vn -0.0000 0.0587 0.9983
vn -0.0000 0.9996 0.0298
vn -0.0000 0.9999 -0.0147
vn -0.0000 0.0650 -0.9979
vn -0.0000 -0.9999 0.0161
vn -0.0000 -0.0317 0.9995
vn -0.0000 0.9995 0.0322
vn -0.0000 -0.0182 0.9998
vn -0.0000 0.1168 -0.9932
vn -0.0000 0.9961 0.0881
vn -0.0000 -0.0010 -1.0000
vn -0.0000 -0.0333 0.9994
vn -0.0000 0.0854 0.9963
vn -0.0000 -0.9940 -0.1090
vn -0.0000 -0.9993 0.0384
vn -0.0000 0.9999 -0.0158
vn -0.0000 0.2060 0.9785
vn -0.0000 -0.9997 0.0238
vn -0.0000 -0.0005 1.0000
vn -0.0000 0.8321 -0.5547
vn -0.0000 -0.0357 -0.9994
vn -0.0000 0.9955 -0.0948
vn -0.0000 0.9997 0.0244
vn -0.0000 0.0647 0.9979
vn -0.0000 0.9992 -0.0400
vn -0.0000 0.0830 0.9965
vn -0.0000 0.1483 0.9889
vn -0.0000 -0.0098 1.0000
vn -0.0000 -0.9988 -0.0499
vn -0.0000 0.9999 -0.0102
vn -0.0000 0.9997 0.0238
vn -0.0000 -1.0000 0.0069
vn -0.0000 0.0995 -0.9950
vn -0.0000 0.9995 -0.0308
vn -0.0000 0.0339 -0.9994
vn -0.0000 -0.0210 -0.9998
vn -0.0000 0.9662 -0.2577
vn -0.0000 -0.0823 -0.9966
vn -0.0000 -0.9996 0.0278
vn -0.0000 -0.0904 -0.9959
vn -0.0000 0.9990 -0.0442
vn -0.0000 1.0000 -0.0093
vn -0.0000 -0.9989 -0.0476
vn -0.0000 -0.0797 0.9968
vn -0.0000 0.0141 -0.9999
vn -0.0000 -0.0441 0.9990
vn -0.0000 0.0664 -0.9978
vn -0.0000 0.9999 0.0106
vn -0.0000 0.9998 0.0206
vn -0.0000 0.9991 -0.0434
vn -0.0000 0.1075 -0.9942
vn -0.0000 0.0087 -1.0000
vn -0.0000 0.0564 0.9984
vn -0.0000 0.2632 0.9648
vn -0.0000 1.0000 0.0003
vn -0.0000 0.9996 0.0282
vn -0.0000 0.9995 -0.0322
vn -0.0000 -0.1915 0.9815
vn -0.0000 0.0328 -0.9995
vn -0.0000 0.0462 0.9989
vn -0.0000 -0.9439 0.3304
vn -0.0000 -0.9285 -0.3714
vn -0.0000 -0.0099 1.0000
vn -0.0000 0.0959 -0.9954
vn -0.0000 -0.9981 -0.0619
vn -0.0000 0.0531 -0.9986
vn -0.0000 0.9999 0.0170
vn -0.0000 0.9999 0.0116
vn -0.0000 1.0000 0.0085
vn -0.0000 0.0933 -0.9956
vn -0.0000 -0.0493 0.9988
vn -0.0000 1.0000 0.0062
vn -0.0000 0.2169 -0.9762
vn -0.0000 0.9997 -0.0227
vn -0.0000 0.0076 1.0000
vn -0.0000 0.1351 -0.9908
vn -0.0000 1.0000 0.0083
vn -0.0000 1.0000 -0.0004
vn -0.0000 0.0270 -0.9996
vn -0.0000 1.0000 -0.0011
vn -0.0000 1.0000 0.0010
vn -0.0000 0.1838 -0.9830
vn -0.0000 1.0000 -0.0072
vt 0.000000 0.000000
vt 0.000000 0.051147
vt 0.022242 0.051117
vt 0.243414 0.050818
vt 0.264099 0.050790
vt 0.487926 0.050487
vt 0.509141 0.050458
vt 0.732435 0.050156
vt 0.755772 0.050124
vt 0.978537 0.049823
vt 1.000000 0.049794
vt 1.000000 0.000000
vt 0.003300 0.955354
vt 0.484389 0.953233
vt 0.483079 0.995875
vt 0.001310 0.997996
vt 0.983498 0.013468
vt 0.983498 0.062088
vt 0.983498 0.196350
vt 0.983498 0.349432
vt 0.983498 0.415300
vt 0.983498 0.502038
vt 0.983498 0.656658
vt 0.983498 0.817132
vt 0.983498 0.989899
vt 0.996700 0.988468
vt 0.996700 0.015404
vt 0.016502 0.996633
vt 0.017075 0.823624
vt 0.017622 0.658382
vt 0.018139 0.502047
vt 0.018665 0.343471
vt 0.019177 0.188816
vt 0.019633 0.050975
vt 0.019802 0.000000
vt 0.006419 0.002121
vt 0.003119 0.995387
vt 0.986799 0.962963
vt 0.964825 0.962963
vt 0.745935 0.962963
vt 0.377918 0.962963
vt 0.009901 0.962963
vt 0.009901 0.993266
vt 0.986799 0.993266
vt 0.761735 0.906692
vt 0.761051 0.824149
vt 0.977599 0.946378
vt 0.752164 0.824196
vt 0.753338 0.946378
vt 0.978186 0.812923
vt 0.925481 0.813202
vt 0.925481 0.820626
vt 0.978186 0.820347
vt 0.977740 0.916746
vt 0.967957 0.917783
vt 0.968637 0.907732
vt 0.952329 0.908078
vt 0.951649 0.936846
vt 0.941797 0.936846
vt 0.943835 0.896987
vt 0.939419 0.896640
vt 0.938399 0.910851
vt 0.930925 0.910851
vt 0.930925 0.906345
vt 0.923791 0.905998
vt 0.925481 0.823277
vt 0.915289 0.823331
vt 0.915297 0.909811
vt 0.903406 0.910158
vt 0.903066 0.905305
vt 0.891855 0.905998
vt 0.892874 0.919516
vt 0.879285 0.920556
vt 0.878945 0.912584
vt 0.867054 0.913277
vt 0.866374 0.917090
vt 0.853125 0.916050
vt 0.854477 0.823654
vt 0.849380 0.823681
vt 0.849048 0.898720
vt 0.839195 0.899760
vt 0.838856 0.906345
vt 0.819490 0.906692
vt 0.819490 0.920556
vt 0.806920 0.920556
vt 0.806920 0.910504
vt 0.793670 0.909811
vt 0.793331 0.919863
vt 0.770908 0.920209
vt 0.770908 0.906692
vt 0.925481 0.823277
vt 0.925481 0.821687
vt 0.915289 0.811665
vt 0.915289 0.820680
vt 0.854477 0.821002
vt 0.854477 0.813578
vt 0.849380 0.813605
vt 0.849380 0.821029
vt 0.761051 0.821497
vt 0.761051 0.814074
vt 0.752164 0.821544
vt 0.752164 0.814121
vt 0.977740 0.916746
vt 0.978186 0.822998
vt 0.929979 0.901369
vt 0.929813 0.825592
vt 0.927750 0.825592
vt 0.927916 0.901790
vt 0.912402 0.826067
vt 0.912203 0.905181
vt 0.913441 0.905181
vt 0.913845 0.826277
vt 0.977506 1.000000
vt 0.753440 1.000000
vt 0.729409 0.821417
vt 0.506879 0.821417
vt 0.506053 0.811316
vt 0.638294 0.811316
vt 0.644215 0.811316
vt 0.728583 0.811316
vt 0.023390 0.961379
vt 0.024429 0.992665
vt 0.016113 0.996907
vt 0.002079 0.995316
vt 0.003119 0.959788
vt 0.009356 0.947592
vt 0.731059 0.823943
vt 0.730976 0.899579
vt 0.730926 0.944618
vt 0.510774 0.945217
vt 0.509566 0.879966
vt 0.508529 0.823943
vt 0.485313 0.823654
vt 0.485984 0.876899
vt 0.486230 0.896477
vt 0.486300 0.902002
vt 0.486845 0.945254
vt 0.263181 0.945254
vt 0.263066 0.823654
vt 0.241266 0.823943
vt 0.242139 0.911239
vt 0.242485 0.945768
vt 0.022159 0.947301
vt 0.024736 0.826405
vt 0.000000 0.826407
vt 0.000000 1.000000
vt 0.376720 1.000000
vt 0.509566 0.879970
vt 0.633207 0.876762
vt 0.625280 0.893225
vt 0.637737 0.894381
vt 0.630093 0.915177
vt 0.630376 0.920376
vt 0.653592 0.920376
vt 0.656706 0.911711
vt 0.660104 0.912000
vt 0.669730 0.911711
vt 0.668880 0.916621
vt 0.680488 0.916621
vt 0.680488 0.904779
vt 0.683885 0.904490
vt 0.684169 0.896980
vt 0.697192 0.898136
vt 0.698041 0.890626
vt 0.707384 0.890915
vt 0.722672 0.841524
vt 0.717293 0.899291
vt 0.730976 0.899576
vt 0.646690 0.823943
vt 0.645498 0.836851
vt 0.636763 0.857651
vt 0.629003 0.857583
vt 0.636017 0.841014
vt 0.626467 0.843239
vt 0.639887 0.830143
vt 0.640769 0.823943
vt 0.505930 0.823943
vt 0.505928 0.879436
vt 0.503230 0.880304
vt 0.503232 0.824277
vt 0.507487 0.879970
vt 0.506616 0.945217
vt 0.509735 0.945217
vt 0.263155 0.917093
vt 0.281854 0.917388
vt 0.281274 0.910884
vt 0.292286 0.910588
vt 0.292286 0.906449
vt 0.318945 0.907928
vt 0.318366 0.913840
vt 0.335173 0.913840
vt 0.335463 0.910293
vt 0.347344 0.910293
vt 0.347633 0.906745
vt 0.369657 0.906745
vt 0.372265 0.916797
vt 0.387623 0.912953
vt 0.389362 0.921231
vt 0.405300 0.920640
vt 0.418629 0.918866
vt 0.418340 0.909701
vt 0.433118 0.906449
vt 0.434278 0.910588
vt 0.450795 0.909997
vt 0.449346 0.900537
vt 0.459488 0.900241
vt 0.462676 0.909997
vt 0.480352 0.909110
vt 0.479193 0.902015
vt 0.486300 0.902002
vt 0.486244 0.897564
vt 0.478904 0.877477
vt 0.485983 0.876865
vt 0.485313 0.811988
vt 0.263066 0.811988
vt 0.260987 0.807746
vt 0.483234 0.807746
vt 0.491223 0.876231
vt 0.490552 0.822986
vt 0.486295 0.823654
vt 0.486965 0.876865
vt 0.023034 0.906281
vt 0.026540 0.906043
vt 0.026057 0.916883
vt 0.059382 0.916883
vt 0.059623 0.906289
vt 0.064936 0.905550
vt 0.065177 0.926491
vt 0.079425 0.925998
vt 0.080391 0.897174
vt 0.087635 0.898160
vt 0.087635 0.907029
vt 0.094880 0.907029
vt 0.094397 0.913434
vt 0.106712 0.912941
vt 0.106712 0.906289
vt 0.115647 0.906289
vt 0.116130 0.910970
vt 0.145833 0.910231
vt 0.147040 0.903826
vt 0.154285 0.904072
vt 0.153802 0.923535
vt 0.235181 0.920086
vt 0.242139 0.911239
vt 0.241266 0.809095
vt 0.024736 0.811558
vt 0.024736 0.822693
vt 0.241266 0.820231
vt 0.018499 0.826405
vt 0.015922 0.947301
vt 0.010559 0.905221
vt 0.012262 0.825345
vt 0.246297 0.910178
vt 0.253574 0.911239
vt 0.252701 0.823943
vt 0.245424 0.822882
vt 1.000000 0.658715
vt 0.977940 0.658757
vt 0.977939 0.731273
vt 0.977938 0.801126
vt 0.750341 0.800584
vt 0.751280 0.776552
vt 0.754117 0.659180
vt 0.732373 0.659221
vt 0.732086 0.734762
vt 0.731890 0.786562
vt 0.731837 0.800584
vt 0.504802 0.801126
vt 0.504807 0.659637
vt 0.490966 0.659154
vt 0.494555 0.784764
vt 0.490976 0.801126
vt 0.264310 0.801978
vt 0.263896 0.660412
vt 0.245603 0.660569
vt 0.249984 0.747994
vt 0.246455 0.802219
vt 0.019098 0.801147
vt 0.018403 0.754783
vt 0.016976 0.659503
vt 0.000000 0.660606
vt 0.849380 0.823681
vt 0.854477 0.823654
vt 0.915289 0.823331
vt 1.000000 0.823062
vt 1.000000 0.500363
vt 0.980058 0.500430
vt 0.979741 0.591110
vt 0.979529 0.651781
vt 0.746868 0.650168
vt 0.752585 0.501189
vt 0.735984 0.501801
vt 0.735963 0.652311
vt 0.506548 0.651240
vt 0.505474 0.600937
vt 0.503363 0.502020
vt 0.486265 0.502099
vt 0.485914 0.600513
vt 0.485736 0.650698
vt 0.261985 0.650146
vt 0.261326 0.604681
vt 0.259858 0.503383
vt 0.244579 0.502921
vt 0.245410 0.642515
vt 0.244172 0.652442
vt 0.025815 0.650946
vt 0.015027 0.648550
vt 0.015753 0.505343
vt 0.000000 0.503743
vt 0.000413 0.659764
vt 0.022586 0.656776
vt 0.242287 0.655611
vt 0.267213 0.658510
vt 0.487328 0.659685
vt 0.512260 0.659637
vt 0.721674 0.659242
vt 1.000000 0.344074
vt 0.979085 0.344085
vt 0.978788 0.445407
vt 0.978645 0.494184
vt 0.751125 0.494635
vt 0.750605 0.344210
vt 0.732896 0.344223
vt 0.732356 0.436607
vt 0.732013 0.495086
vt 0.507665 0.494263
vt 0.505664 0.346467
vt 0.484498 0.344361
vt 0.484198 0.444711
vt 0.484056 0.492380
vt 0.261324 0.493282
vt 0.255414 0.344485
vt 0.241845 0.344497
vt 0.242675 0.438490
vt 0.243170 0.494635
vt 0.019129 0.495537
vt 0.018878 0.452644
vt 0.018245 0.344619
vt 0.000000 0.344632
vt 0.024829 0.503659
vt 0.243342 0.502921
vt 0.263496 0.502852
vt 0.509600 0.502020
vt 0.586036 0.501762
vt 0.602377 0.501707
vt 0.731306 0.501271
vt 0.755704 0.501189
vt 1.000000 0.411531
vt 1.000000 0.187297
vt 0.978230 0.187344
vt 0.978696 0.281207
vt 0.978971 0.336677
vt 0.752464 0.337339
vt 0.752833 0.187823
vt 0.732557 0.187874
vt 0.733001 0.277717
vt 0.733002 0.277901
vt 0.733297 0.337429
vt 0.504136 0.337053
vt 0.504252 0.290235
vt 0.504505 0.188349
vt 0.491194 0.186283
vt 0.491195 0.288804
vt 0.490156 0.338026
vt 0.259178 0.339517
vt 0.258971 0.318542
vt 0.257706 0.190223
vt 0.243418 0.188929
vt 0.243421 0.294724
vt 0.243422 0.338932
vt 0.015591 0.337971
vt 0.015380 0.309321
vt 0.014486 0.188071
vt 0.000000 0.189454
vt 0.021520 0.341947
vt 0.262617 0.344485
vt 0.484498 0.343301
vt 0.511901 0.344346
vt 0.756323 0.344210
vt 0.982662 0.048981
vt 0.982660 0.177961
vt 0.749170 0.179584
vt 0.749171 0.155764
vt 0.749172 0.049283
vt 0.732434 0.149490
vt 0.732434 0.180967
vt 0.505118 0.180426
vt 0.504176 0.141908
vt 0.501938 0.050458
vt 0.493165 0.049819
vt 0.492450 0.107888
vt 0.491571 0.179217
vt 0.261231 0.179344
vt 0.260868 0.135374
vt 0.260170 0.050790
vt 0.242724 0.135136
vt 0.242353 0.180426
vt 0.018842 0.180045
vt 0.018312 0.049112
vt 0.002619 0.186781
vt 0.024309 0.186734
vt 0.246038 0.186256
vt 0.265565 0.186214
vt 0.489135 0.185732
vt 0.514921 0.185676
vt 0.735176 0.185201
vt 0.758753 0.185150
vt 0.980850 0.184671
vt 1.002620 0.184624
vt 0.732435 0.040134
vt 0.509141 0.040437
vt 0.752008 0.188664
vt 0.751639 0.339022
vt 0.751763 0.288405
vt 0.025357 0.649075
vt 0.243347 0.649075
vt 0.503092 0.660306
vt 0.503087 0.801794
vt 0.503088 0.752860
vt 0.950178 0.808556
vt 0.728081 0.809035
vt 0.017953 0.505329
vt 0.018465 0.646432
vt 0.512255 0.801126
vt 0.486332 0.179885
vt 0.487211 0.108556
vt 0.487211 0.108556
vt 0.243342 0.499209
vt 0.024829 0.499947
vt 0.024309 0.497296
vt 0.242822 0.496557
vt 0.022771 0.182049
vt 0.025088 0.145783
vt 0.025514 0.153176
vt 0.029990 0.153394
vt 0.029990 0.149262
vt 0.037877 0.149697
vt 0.046829 0.149914
vt 0.047468 0.143391
vt 0.050666 0.142521
vt 0.050240 0.137737
vt 0.045764 0.137519
vt 0.045977 0.134258
vt 0.050879 0.134040
vt 0.052798 0.141216
vt 0.051092 0.150132
vt 0.057913 0.146653
vt 0.064308 0.142303
vt 0.064094 0.136215
vt 0.068571 0.135780
vt 0.069244 0.146377
vt 0.075818 0.146218
vt 0.076457 0.142303
vt 0.082426 0.142303
vt 0.082852 0.138607
vt 0.085836 0.138607
vt 0.086475 0.146218
vt 0.093296 0.146218
vt 0.092870 0.131648
vt 0.101396 0.131865
vt 0.101822 0.141651
vt 0.115251 0.141434
vt 0.115464 0.128169
vt 0.120793 0.128386
vt 0.120793 0.142303
vt 0.130385 0.142738
vt 0.130598 0.139041
vt 0.147224 0.138824
vt 0.147224 0.135780
vt 0.160226 0.135780
vt 0.160865 0.130561
vt 0.172802 0.129691
vt 0.173015 0.122515
vt 0.182607 0.122297
vt 0.183033 0.112729
vt 0.203283 0.113164
vt 0.202643 0.135780
vt 0.219482 0.135345
vt 0.218843 0.125776
vt 0.227582 0.125124
vt 0.228008 0.135345
vt 0.242724 0.135136
vt 0.731890 0.786562
vt 0.265160 0.179344
vt 0.733001 0.277717
vt 0.721674 0.659242
vt 0.259515 0.054798
vt 0.260213 0.139383
vt 0.511932 0.337053
vt 0.013661 0.347292
vt 0.014294 0.455316
vt 0.485961 0.040465
vt 0.262135 0.040768
vt 0.503986 0.187818
vt 0.503732 0.289705
vt 0.503732 0.289705
vt 0.023058 0.495537
vt 0.746258 0.659180
vt 0.744732 0.777220
vt 0.749971 0.775884
vt 0.751497 0.659180
vt 0.264797 0.135374
vt 0.288153 0.135182
vt 0.288153 0.132282
vt 0.305560 0.132645
vt 0.305915 0.128477
vt 0.321902 0.128658
vt 0.321724 0.131920
vt 0.335046 0.132463
vt 0.335401 0.138081
vt 0.351921 0.138806
vt 0.351921 0.132463
vt 0.364532 0.132282
vt 0.364887 0.129383
vt 0.374124 0.129564
vt 0.374657 0.120322
vt 0.390643 0.120503
vt 0.391176 0.117423
vt 0.405031 0.117966
vt 0.417465 0.117785
vt 0.427234 0.117966
vt 0.426879 0.114342
vt 0.441445 0.114342
vt 0.448372 0.114523
vt 0.463115 0.114885
vt 0.463826 0.122134
vt 0.476615 0.122315
vt 0.476615 0.108362
vt 0.511379 0.141908
vt 0.526141 0.141009
vt 0.527206 0.134921
vt 0.532109 0.134486
vt 0.532109 0.138835
vt 0.554277 0.139052
vt 0.554277 0.132311
vt 0.557687 0.131876
vt 0.558113 0.134921
vt 0.574526 0.134486
vt 0.575166 0.124700
vt 0.582199 0.124048
vt 0.581986 0.130354
vt 0.594775 0.129267
vt 0.594989 0.121873
vt 0.597546 0.122091
vt 0.597546 0.129049
vt 0.605007 0.129484
vt 0.604794 0.122526
vt 0.612467 0.122525
vt 0.612041 0.137095
vt 0.631651 0.137965
vt 0.632290 0.128397
vt 0.636553 0.128614
vt 0.636766 0.131876
vt 0.647211 0.131876
vt 0.647850 0.138617
vt 0.658082 0.138617
vt 0.659574 0.132529
vt 0.693678 0.133398
vt 0.693891 0.139705
vt 0.704336 0.139922
vt 0.704975 0.132746
vt 0.724372 0.132746
vt 0.723946 0.149490
vt 0.755771 0.156606
vt 0.759892 0.156388
vt 0.759678 0.152474
vt 0.763302 0.152474
vt 0.763728 0.142253
vt 0.767139 0.142906
vt 0.766925 0.155953
vt 0.772894 0.155736
vt 0.774173 0.138557
vt 0.786962 0.138122
vt 0.792291 0.155736
vt 0.848776 0.153996
vt 0.848136 0.146385
vt 0.841742 0.146168
vt 0.842381 0.125727
vt 0.856876 0.125944
vt 0.857515 0.136382
vt 0.869878 0.136382
vt 0.869878 0.140079
vt 0.889275 0.140296
vt 0.889701 0.129858
vt 0.911869 0.129206
vt 0.917281 0.057235
vt 0.918264 0.130619
vt 0.933099 0.130619
vt 0.933610 0.114962
vt 0.941540 0.115484
vt 0.941028 0.123835
vt 0.954840 0.123835
vt 0.954073 0.118877
vt 0.958933 0.118877
vt 0.958166 0.129054
vt 0.968908 0.129054
vt 0.978535 0.129063
vt 0.021689 0.189407
vt 0.022584 0.310657
vt 0.114246 0.311087
vt 0.114459 0.302606
vt 0.196416 0.299435
vt 0.196593 0.294180
vt 0.212402 0.294542
vt 0.212935 0.290737
vt 0.232474 0.291281
vt 0.232296 0.295267
vt 0.262945 0.188886
vt 0.264210 0.317206
vt 0.350425 0.318108
vt 0.350780 0.295818
vt 0.407976 0.292375
vt 0.408154 0.311403
vt 0.476007 0.311040
vt 0.476540 0.290925
vt 0.486517 0.290925
vt 0.486516 0.188404
vt 0.512302 0.188349
vt 0.512049 0.290235
vt 0.536136 0.290388
vt 0.537024 0.280723
vt 0.549754 0.280874
vt 0.549754 0.295220
vt 0.575805 0.295674
vt 0.576546 0.281478
vt 0.581726 0.281327
vt 0.581578 0.296580
vt 0.594012 0.296882
vt 0.594308 0.287670
vt 0.651208 0.287685
vt 0.651919 0.280980
vt 0.668616 0.281161
vt 0.667550 0.294752
vt 0.687622 0.293846
vt 0.686023 0.274094
vt 0.697569 0.273731
vt 0.697924 0.278081
vt 0.756134 0.187823
vt 0.755889 0.287563
vt 0.758799 0.287826
vt 0.758622 0.297793
vt 0.764128 0.297974
vt 0.764128 0.294893
vt 0.772832 0.295075
vt 0.772832 0.300873
vt 0.796634 0.301598
vt 0.795745 0.307216
vt 0.858625 0.307578
vt 0.858803 0.298155
vt 0.866263 0.297793
vt 0.866796 0.290725
vt 0.880164 0.290486
vt 0.911347 0.290633
vt 0.915821 0.285108
vt 0.915288 0.274054
vt 0.922393 0.274235
vt 0.922749 0.278040
vt 0.931808 0.278222
vt 0.932021 0.294042
vt 0.950991 0.294042
vt 0.951205 0.280994
vt 0.978696 0.281207
vt 0.756323 0.442265
vt 0.760633 0.442578
vt 0.764043 0.442795
vt 0.764256 0.448884
vt 0.826284 0.448884
vt 0.826070 0.438446
vt 0.829694 0.438011
vt 0.829268 0.429748
vt 0.832891 0.429748
vt 0.833317 0.436272
vt 0.836302 0.436489
vt 0.836088 0.445187
vt 0.851649 0.445187
vt 0.852501 0.436054
vt 0.866356 0.435184
vt 0.866356 0.439099
vt 0.877227 0.438446
vt 0.877014 0.442360
vt 0.899608 0.442143
vt 0.899395 0.455408
vt 0.962061 0.455843
vt 0.962061 0.446057
vt 0.512225 0.453674
vt 0.624572 0.445793
vt 0.625312 0.440005
vt 0.622229 0.439627
vt 0.622352 0.435726
vt 0.634934 0.435852
vt 0.635057 0.446045
vt 0.655780 0.446045
vt 0.655780 0.442773
vt 0.674653 0.442899
vt 0.674777 0.449695
vt 0.710919 0.449443
vt 0.711042 0.435600
vt 0.714989 0.435474
vt 0.714496 0.449191
vt 0.726954 0.449317
vt 0.727571 0.436984
vt 0.732356 0.436607
vt 0.263553 0.449491
vt 0.285045 0.449603
vt 0.285045 0.445616
vt 0.304584 0.446160
vt 0.304584 0.455583
vt 0.317906 0.455221
vt 0.317729 0.445979
vt 0.325189 0.445797
vt 0.325367 0.449241
vt 0.337800 0.449603
vt 0.337978 0.445979
vt 0.367819 0.446160
vt 0.367642 0.425139
vt 0.378477 0.424595
vt 0.379010 0.438911
vt 0.391799 0.439455
vt 0.391799 0.445616
vt 0.414713 0.445797
vt 0.414357 0.455583
vt 0.433363 0.455946
vt 0.434074 0.445797
vt 0.022174 0.344619
vt 0.022807 0.452644
vt 0.025741 0.452636
vt 0.031922 0.438936
vt 0.031922 0.435457
vt 0.044072 0.434805
vt 0.044498 0.424584
vt 0.048121 0.424367
vt 0.047482 0.438719
vt 0.074979 0.437849
vt 0.074339 0.429803
vt 0.092031 0.430021
vt 0.092031 0.425889
vt 0.097786 0.426107
vt 0.097573 0.437414
vt 0.124430 0.453071
vt 0.134874 0.453289
vt 0.141695 0.448940
vt 0.145319 0.442633
vt 0.169192 0.441981
vt 0.169831 0.438502
vt 0.178997 0.439372
vt 0.181555 0.425889
vt 0.188162 0.426976
vt 0.186457 0.439372
vt 0.199673 0.439154
vt 0.200312 0.435240
vt 0.216512 0.435892
vt 0.215872 0.446113
vt 0.234843 0.446113
vt 0.235482 0.438719
vt 0.025341 0.644762
vt 0.115127 0.644107
vt 0.115340 0.634321
vt 0.118111 0.634321
vt 0.117684 0.600615
vt 0.130474 0.600833
vt 0.130474 0.597136
vt 0.151362 0.597353
vt 0.152215 0.594092
vt 0.159036 0.594092
vt 0.159462 0.584089
vt 0.162446 0.584306
vt 0.162446 0.597354
vt 0.167136 0.597354
vt 0.167349 0.617142
vt 0.163086 0.617577
vt 0.163086 0.627145
vt 0.146886 0.628015
vt 0.147099 0.641063
vt 0.243347 0.640410
vt 0.264964 0.604151
vt 0.307618 0.604135
vt 0.308062 0.600813
vt 0.317387 0.600964
vt 0.317979 0.598245
vt 0.327749 0.598094
vt 0.327157 0.610326
vt 0.344623 0.610477
vt 0.344919 0.601115
vt 0.382073 0.601719
vt 0.381777 0.610779
vt 0.384145 0.611233
vt 0.384145 0.614102
vt 0.381185 0.615159
vt 0.381925 0.631468
vt 0.476511 0.634186
vt 0.476659 0.616820
vt 0.479176 0.616669
vt 0.479324 0.605947
vt 0.463337 0.606400
vt 0.463633 0.597490
vt 0.469850 0.597641
vt 0.470294 0.600662
vt 0.511712 0.600937
vt 0.595239 0.599097
vt 0.599034 0.590763
vt 0.599120 0.588141
vt 0.586043 0.586678
vt 0.585958 0.501762
vt 0.755864 0.775884
vt 0.770237 0.749235
vt 0.792749 0.749025
vt 0.792955 0.745459
vt 0.798403 0.745564
vt 0.798403 0.755841
vt 0.832530 0.752171
vt 0.829755 0.752066
vt 0.830166 0.745355
vt 0.836436 0.745669
vt 0.836950 0.738433
vt 0.846613 0.738643
vt 0.846819 0.742104
vt 0.856481 0.741999
vt 0.856554 0.748489
vt 0.863215 0.748489
vt 0.863215 0.741542
vt 0.869876 0.741693
vt 0.870024 0.731877
vt 0.876537 0.731575
vt 0.876537 0.721910
vt 0.882754 0.721457
vt 0.882606 0.745468
vt 0.899628 0.745770
vt 0.915308 0.748457
vt 0.916936 0.748282
vt 0.917021 0.752127
vt 0.931498 0.752214
vt 0.931498 0.749156
vt 0.934839 0.748981
vt 0.935096 0.740242
vt 0.932269 0.739980
vt 0.932183 0.738844
vt 0.936723 0.738844
vt 0.937066 0.744961
vt 0.944861 0.745136
vt 0.945118 0.739193
vt 0.946146 0.739106
vt 0.965202 0.742750
vt 0.965646 0.738371
vt 0.974824 0.738220
vt 0.974972 0.731726
vt 0.267213 0.660101
vt 0.267214 0.759794
vt 0.276884 0.759334
vt 0.276103 0.772151
vt 0.364884 0.758415
vt 0.365624 0.761133
vt 0.380130 0.761284
vt 0.380574 0.749354
vt 0.386791 0.749354
vt 0.386643 0.755697
vt 0.400705 0.755999
vt 0.401001 0.751167
vt 0.413879 0.751015
vt 0.414027 0.745579
vt 0.420540 0.746183
vt 0.420688 0.755697
vt 0.437119 0.756452
vt 0.437563 0.745277
vt 0.443632 0.744824
vt 0.443632 0.755697
vt 0.463319 0.755697
vt 0.463319 0.765513
vt 0.481081 0.765664
vt 0.481229 0.785446
vt 0.487798 0.785294
vt 0.022173 0.660564
vt 0.023601 0.755844
vt 0.034461 0.755843
vt 0.034547 0.745880
vt 0.057589 0.746317
vt 0.057504 0.752085
vt 0.076949 0.752172
vt 0.077291 0.745530
vt 0.082859 0.745705
vt 0.083459 0.738889
vt 0.097336 0.738714
vt 0.097507 0.745705
vt 0.110271 0.745618
vt 0.110528 0.739326
vt 0.117295 0.739238
vt 0.117397 0.745473
vt 0.117397 0.748343
vt 0.137380 0.748494
vt 0.137084 0.755440
vt 0.162396 0.755440
vt 0.163136 0.748494
vt 0.171721 0.748796
vt 0.171721 0.738829
vt 0.174090 0.739131
vt 0.174090 0.748947
vt 0.199401 0.749098
vt 0.199993 0.734903
vt 0.206951 0.735658
vt 0.206358 0.742302
vt 0.202954 0.742604
vt 0.202510 0.748645
vt 0.217460 0.748645
vt 0.217608 0.745322
vt 0.224417 0.745171
vt 0.224713 0.738225
vt 0.227230 0.738678
vt 0.225749 0.759215
vt 0.235371 0.759367
vt 0.235963 0.749249
vt 0.235963 0.749098
vt 0.242617 0.748946
vt 0.242287 0.660148
vt 0.243347 0.640410
vt 0.755765 0.338180
vt 0.502593 0.051794
vt 0.504830 0.143244
vt 0.504830 0.143244
vt 0.486808 0.656503
vt 0.266693 0.656919
vt 0.512322 0.180426
vt 0.487857 0.801126
vt 0.487798 0.785294
vt 0.485440 0.815231
vt 0.262671 0.815984
vt 0.267215 0.801667
vt 0.983243 0.814965
vt 0.760481 0.815089
vt 0.260976 0.660101
vt 0.260977 0.801667
vt 0.260977 0.759794
vt 0.265623 0.649616
vt 0.977497 0.044520
vt 0.754733 0.044822
vt 0.257259 0.504443
vt 0.258727 0.605742
vt 0.258727 0.605742
vt 0.756323 0.494635
vt 0.751614 0.051185
vt 0.751613 0.157666
vt 0.751613 0.157666
vt 0.238357 0.814245
vt 0.018244 0.814661
vt 0.018244 0.817312
vt 0.238357 0.816896
vt 0.751125 0.345801
vt 0.751125 0.496226
vt 0.751125 0.450667
vt 0.751125 0.443856
vt 0.755771 0.180426
vt 0.978535 0.178803
vt 0.261528 0.739117
vt 0.261328 0.685313
vt 0.251972 0.683722
vt 0.252172 0.737526
vt 0.731306 0.813070
vt 0.602377 0.813505
vt 0.024296 0.802208
vt 0.242817 0.802749
vt 0.730245 0.651781
vt 0.730529 0.611483
vt 0.011778 0.661624
vt 0.013206 0.756904
vt 0.512785 0.651240
vt 0.230217 0.816875
vt 0.008488 0.817353
vt 0.497645 0.500960
vt 0.499757 0.599877
vt 0.512343 0.493733
vt 0.014486 0.189407
vt 0.015380 0.310657
vt 0.015380 0.310657
vt 0.504625 0.344876
vt 0.505067 0.494263
vt 0.504948 0.454204
vt 0.022795 0.339308
vt 0.970982 0.811878
vt 0.746628 0.812636
vt 0.990852 0.644286
vt 0.990853 0.793796
vt 0.990853 0.787080
vt 0.990852 0.740681
vt 0.990852 0.737006
vt 0.755704 0.650698
vt 0.486516 0.814667
vt 0.262945 0.815149
vt 0.263944 0.493282
vt 0.255087 0.188218
vt 0.256352 0.316538
vt 0.256352 0.316538
vt 0.242104 0.042132
vt 0.020932 0.042431
vt 0.264417 0.338180
vt 0.486518 0.338556
vt 0.013074 0.051117
vt 0.013603 0.182049
vt 0.977940 0.655390
vt 0.754117 0.655813
vt 0.756234 0.800584
vt 0.735176 0.813213
vt 0.514921 0.813688
vt 0.745989 0.775884
vt 0.749971 0.775216
vt 0.750341 0.799916
vt 0.746360 0.800584
vt 0.770443 0.755946
vt 0.820092 0.775767
vt 0.820503 0.762448
vt 0.832428 0.762448
vt 0.945803 0.756934
vt 0.915565 0.756846
vt 0.899332 0.764949
vt 0.903033 0.765251
vt 0.902885 0.769177
vt 0.900221 0.769630
vt 0.899924 0.782467
vt 0.974232 0.778389
vt 0.974824 0.767516
vt 0.969939 0.766610
vt 0.970383 0.756945
vt 0.956025 0.756794
vt 0.956173 0.743203
vt 0.699338 0.987235
vt 0.712977 0.983121
vt 0.664266 0.980576
vt 0.658372 0.980576
vt 0.722984 0.657237
vt 0.513570 0.657633
vt 0.722984 0.657237
vt 0.737783 0.997013
vt 0.749113 0.986765
vt 0.645643 0.746135
vt 0.645199 0.737679
vt 0.641794 0.714725
vt 0.530376 0.735596
vt 0.530277 0.745963
vt 0.523138 0.746014
vt 0.522989 0.738782
vt 0.512257 0.752192
vt 0.520049 0.752491
vt 0.519371 0.757137
vt 0.515197 0.757103
vt 0.514877 0.764627
vt 0.618853 0.765251
vt 0.619066 0.757857
vt 0.635053 0.757640
vt 0.635266 0.762859
vt 0.645071 0.763076
vt 0.645497 0.759597
vt 0.649334 0.759379
vt 0.656152 0.745833
vt 0.727859 0.734763
vt 0.661925 0.714423
vt 0.661481 0.721671
vt 0.652304 0.721822
vt 0.652008 0.731336
vt 0.655116 0.731487
vt 0.655116 0.735262
vt 0.658965 0.735413
vt 0.658817 0.739944
vt 0.654968 0.740095
vt 0.649121 0.763076
vt 0.652531 0.763511
vt 0.651679 0.795912
vt 0.727774 0.796130
vt 0.727945 0.786888
vt 0.732081 0.736030
vt 0.529087 0.738934
vt 0.529137 0.735647
vt 0.648715 0.702292
vt 0.635455 0.701453
vt 0.636277 0.692749
vt 0.634736 0.692120
vt 0.635147 0.682052
vt 0.638333 0.681948
vt 0.639053 0.694951
vt 0.649024 0.695161
vt 0.728499 0.691489
vt 0.728712 0.677789
vt 0.724875 0.677137
vt 0.725088 0.668221
vt 0.721678 0.668004
vt 0.901738 0.602593
vt 0.915127 0.603154
vt 0.915397 0.593710
vt 0.918942 0.593185
vt 0.919432 0.587454
vt 0.922664 0.586920
vt 0.922492 0.580241
vt 0.935021 0.580891
vt 0.755704 0.593908
vt 0.760425 0.593892
vt 0.760257 0.587178
vt 0.766840 0.587279
vt 0.766819 0.597401
vt 0.790171 0.596885
vt 0.790503 0.590736
vt 0.800078 0.590538
vt 0.800234 0.596560
vt 0.842541 0.594677
vt 0.819418 0.594937
vt 0.822444 0.590747
vt 0.829929 0.590500
vt 0.830050 0.586753
vt 0.836436 0.586737
vt 0.836749 0.590253
vt 0.860764 0.590676
vt 0.861207 0.586212
vt 0.872189 0.586883
vt 0.872119 0.590436
vt 0.887898 0.590860
vt 0.888023 0.581092
vt 0.892174 0.581073
vt 0.892821 0.587045
vt 0.901811 0.587489
vt 0.018403 0.756374
vt 0.017364 0.755844
vt 0.018059 0.802208
vt 0.019098 0.802738
vt 0.257690 0.750536
vt 0.257360 0.661739
vt 0.755704 0.597583
vt 0.755704 0.643983
vt 0.832125 0.643927
vt 0.832800 0.620962
vt 0.836817 0.620973
vt 0.836505 0.617369
vt 0.839855 0.616925
vt 0.839394 0.606456
vt 0.842780 0.606458
vt 0.934982 0.600560
vt 0.934608 0.603972
vt 0.886696 0.602145
vt 0.886088 0.610498
vt 0.872366 0.611189
vt 0.872201 0.627352
vt 0.965851 0.629652
vt 0.969383 0.604097
vt 0.949104 0.604097
vt 0.949104 0.600774
vt 0.949252 0.594432
vt 0.955321 0.593979
vt 0.955913 0.590808
vt 0.506514 0.602528
vt 0.507588 0.652830
vt 0.722491 0.611492
vt 0.711021 0.587932
vt 0.704668 0.588151
vt 0.675091 0.590706
vt 0.661647 0.590888
vt 0.638609 0.590850
vt 0.595239 0.605620
vt 0.622097 0.605620
vt 0.621670 0.620407
vt 0.629131 0.620407
vt 0.629131 0.624757
vt 0.645970 0.624757
vt 0.645543 0.631498
vt 0.718654 0.631715
vt 0.718868 0.624539
vt 0.714818 0.624539
vt 0.714818 0.621712
vt 0.722065 0.621712
vt 0.169313 0.617142
vt 0.169100 0.597354
vt 0.602341 0.581227
vt 0.612568 0.581062
vt 0.612568 0.586917
vt 0.628758 0.587180
vt 0.628930 0.584383
vt 0.638866 0.583859
vt 0.661588 0.587732
vt 0.671344 0.587732
vt 0.671760 0.580510
vt 0.675091 0.580510
vt 0.704811 0.581014
vt 0.711307 0.580868
vt 0.586036 0.813561
vt 0.509600 0.813819
vt 0.585958 0.813561
vt 0.264964 0.604151
vt 0.210891 0.629818
vt 0.210891 0.620249
vt 0.756323 0.449076
vt 0.760930 0.448925
vt 0.016258 0.453980
vt 0.016510 0.495537
vt 0.239449 0.634577
vt 0.149179 0.635230
vt 0.025741 0.466119
vt 0.031283 0.466336
vt 0.031069 0.482428
vt 0.112280 0.481993
vt 0.112920 0.466554
vt 0.123151 0.465684
vt 0.149719 0.641063
vt 0.149506 0.628015
vt 0.512049 0.290235
vt 0.259626 0.313197
vt 0.259626 0.313197
vt 0.259833 0.334172
vt 0.022584 0.310657
vt 0.755771 0.156606
vt 0.502866 0.144580
vt 0.502866 0.144580
vt 0.503808 0.183098
vt 0.261523 0.136042
vt 0.261885 0.180012
vt 0.040435 0.156873
vt 0.095215 0.156221
vt 0.100330 0.147087
vt 0.976948 0.733404
vt 0.974249 0.733816
vt 0.974114 0.739722
vt 0.965767 0.739860
vt 0.965363 0.743843
vt 0.957151 0.744255
vt 0.957016 0.756617
vt 0.970075 0.756754
vt 0.969671 0.765545
vt 0.974939 0.766369
vt 0.975226 0.780467
vt 0.900750 0.786675
vt 0.895740 0.766824
vt 0.898094 0.766424
vt 0.898225 0.762955
vt 0.894956 0.762688
vt 0.895217 0.745744
vt 0.880178 0.745477
vt 0.880309 0.724264
vt 0.874816 0.724664
vt 0.874816 0.733203
vt 0.869062 0.733470
vt 0.868931 0.742142
vt 0.863046 0.742008
vt 0.863046 0.748146
vt 0.857161 0.748146
vt 0.857097 0.742412
vt 0.848560 0.742504
vt 0.848379 0.739447
vt 0.839842 0.739262
vt 0.839388 0.745655
vt 0.833848 0.745377
vt 0.833485 0.751306
vt 0.835937 0.751399
vt 0.835846 0.760479
vt 0.828612 0.764688
vt 0.822568 0.786709
vt 0.755039 0.782618
vt 0.619678 0.770301
vt 0.515290 0.769677
vt 0.514785 0.757103
vt 0.518546 0.756295
vt 0.519224 0.751649
vt 0.400705 0.757059
vt 0.386643 0.756757
vt 0.381614 0.749354
vt 0.381170 0.761815
vt 0.365624 0.761664
vt 0.364884 0.759476
vt 0.275064 0.773212
vt 0.275844 0.759334
vt 0.203098 0.760205
vt 0.198847 0.760271
vt 0.198847 0.760337
vt 0.198469 0.764724
vt 0.192323 0.764659
vt 0.193269 0.755753
vt 0.191661 0.755557
vt 0.191472 0.758569
vt 0.187123 0.758634
vt 0.187028 0.760075
vt 0.177478 0.760075
vt 0.177762 0.757456
vt 0.179936 0.757325
vt 0.180315 0.754444
vt 0.175870 0.754116
vt 0.175492 0.760271
vt 0.159323 0.760206
vt 0.159323 0.755950
vt 0.157810 0.755819
vt 0.157810 0.760140
vt 0.152326 0.760009
vt 0.151853 0.763022
vt 0.135684 0.763022
vt 0.135873 0.760009
vt 0.123108 0.759944
vt 0.123108 0.758700
vt 0.123043 0.755996
vt 0.118720 0.756034
vt 0.118556 0.758762
vt 0.110403 0.758800
vt 0.110293 0.755769
vt 0.101429 0.755845
vt 0.101046 0.758800
vt 0.097489 0.758725
vt 0.097270 0.761605
vt 0.084849 0.761567
vt 0.084904 0.759066
vt 0.070184 0.758876
vt 0.070129 0.763196
vt 0.063192 0.763197
vt 0.063636 0.783301
vt 0.203226 0.783535
vt 0.726204 0.612754
vt 0.725778 0.622975
vt 0.718531 0.622975
vt 0.718531 0.625802
vt 0.722580 0.625802
vt 0.722367 0.632978
vt 0.645131 0.638653
vt 0.645557 0.631911
vt 0.626243 0.639487
vt 0.626243 0.635138
vt 0.619195 0.627983
vt 0.614258 0.626664
vt 0.589876 0.619088
vt 0.596890 0.612144
vt 0.533576 0.612722
vt 0.533000 0.649977
vt 0.608410 0.583714
vt 0.598183 0.583878
vt 0.598219 0.512776
vt 0.585958 0.510180
vt 0.209115 0.641148
vt 0.143553 0.641664
vt 0.142995 0.625033
vt 0.154030 0.624345
vt 0.154442 0.623092
vt 0.157346 0.622748
vt 0.157201 0.607100
vt 0.154007 0.607100
vt 0.154007 0.596783
vt 0.151974 0.596611
vt 0.151684 0.604521
vt 0.147037 0.604521
vt 0.146457 0.607100
vt 0.132227 0.606928
vt 0.132227 0.609852
vt 0.123516 0.609680
vt 0.123806 0.636333
vt 0.121918 0.636333
vt 0.121773 0.644071
vt 0.060613 0.644589
vt 0.060623 0.648000
vt 0.209115 0.648000
vt 0.770806 0.464038
vt 0.766198 0.464189
vt 0.973070 0.463701
vt 0.956344 0.464351
vt 0.956344 0.474137
vt 0.892118 0.460180
vt 0.892331 0.446915
vt 0.875714 0.459329
vt 0.875927 0.455415
vt 0.865057 0.456067
vt 0.865057 0.452153
vt 0.851202 0.453023
vt 0.850349 0.462156
vt 0.834789 0.462156
vt 0.835002 0.453458
vt 0.832018 0.453240
vt 0.831592 0.446716
vt 0.827968 0.446716
vt 0.828394 0.454980
vt 0.824771 0.455415
vt 0.824984 0.465853
vt 0.774132 0.463997
vt 0.773919 0.457908
vt 0.770508 0.457691
vt 0.925946 0.285833
vt 0.925235 0.304135
vt 0.876566 0.304317
vt 0.877276 0.290907
vt 0.723513 0.307599
vt 0.702874 0.308804
vt 0.702519 0.304455
vt 0.690973 0.304818
vt 0.680608 0.301843
vt 0.660537 0.302749
vt 0.643451 0.306835
vt 0.626754 0.306653
vt 0.626043 0.313358
vt 0.598434 0.308714
vt 0.598138 0.317925
vt 0.579928 0.319307
vt 0.580076 0.304055
vt 0.574896 0.304206
vt 0.574155 0.318401
vt 0.548103 0.317948
vt 0.548103 0.303602
vt 0.535373 0.303450
vt 0.534485 0.313115
vt 0.515349 0.298232
vt 0.525546 0.330740
vt 0.718445 0.330695
vt 0.478679 0.314915
vt 0.475302 0.317861
vt 0.473944 0.326613
vt 0.399078 0.324871
vt 0.398900 0.305843
vt 0.358618 0.308865
vt 0.358263 0.331155
vt 0.269986 0.320994
vt 0.273493 0.333551
vt 0.479917 0.335610
vt 0.237527 0.298064
vt 0.226402 0.298608
vt 0.226580 0.294621
vt 0.212935 0.296082
vt 0.212402 0.299887
vt 0.196593 0.299525
vt 0.196416 0.304780
vt 0.114459 0.307951
vt 0.114246 0.316432
vt 0.033061 0.316670
vt 0.030653 0.331959
vt 0.237529 0.332919
vt 0.966984 0.169543
vt 0.962308 0.158515
vt 0.963116 0.162724
vt 0.952332 0.148338
vt 0.959024 0.152547
vt 0.959791 0.157505
vt 0.945979 0.157505
vt 0.946490 0.149154
vt 0.938561 0.148632
vt 0.938049 0.164289
vt 0.923214 0.164289
vt 0.916819 0.162876
vt 0.894652 0.163528
vt 0.894225 0.173966
vt 0.874828 0.173749
vt 0.874828 0.170052
vt 0.862466 0.170052
vt 0.861826 0.159614
vt 0.847332 0.159397
vt 0.846692 0.174787
vt 0.853087 0.175005
vt 0.851251 0.170831
vt 0.794766 0.172571
vt 0.791912 0.171792
vt 0.779123 0.172227
vt 0.775369 0.172571
vt 0.769401 0.172788
vt 0.772089 0.176576
vt 0.768679 0.175923
vt 0.765777 0.169309
vt 0.762154 0.169309
vt 0.762367 0.173223
vt 0.758247 0.173441
vt 0.755771 0.175376
vt 0.726540 0.166861
vt 0.718052 0.166861
vt 0.718478 0.150117
vt 0.705630 0.154125
vt 0.704991 0.161301
vt 0.694546 0.161084
vt 0.694333 0.154778
vt 0.660229 0.153908
vt 0.658736 0.159997
vt 0.648505 0.159997
vt 0.647866 0.153255
vt 0.637421 0.153255
vt 0.637208 0.149994
vt 0.632945 0.149776
vt 0.632306 0.159344
vt 0.612696 0.158474
vt 0.613122 0.143905
vt 0.605448 0.143905
vt 0.605662 0.150863
vt 0.598201 0.150428
vt 0.598201 0.143470
vt 0.595644 0.143252
vt 0.595430 0.150646
vt 0.582641 0.151733
vt 0.582854 0.145427
vt 0.575820 0.146079
vt 0.575181 0.155865
vt 0.558768 0.156300
vt 0.558342 0.153255
vt 0.554932 0.153690
vt 0.554931 0.160432
vt 0.532764 0.160214
vt 0.532764 0.155865
vt 0.531790 0.154964
vt 0.530725 0.161052
vt 0.515963 0.161951
vt 0.516251 0.179090
vt 0.725885 0.176959
vt 0.487866 0.130603
vt 0.477270 0.130409
vt 0.477270 0.144363
vt 0.464480 0.144181
vt 0.463770 0.136933
vt 0.449027 0.136570
vt 0.442099 0.136389
vt 0.427534 0.136389
vt 0.427889 0.140013
vt 0.418120 0.139832
vt 0.405686 0.140013
vt 0.391831 0.139470
vt 0.391298 0.142550
vt 0.375312 0.142369
vt 0.374779 0.151611
vt 0.365542 0.151430
vt 0.365187 0.154329
vt 0.352576 0.154511
vt 0.352576 0.160853
vt 0.336056 0.160128
vt 0.335701 0.154510
vt 0.322379 0.153967
vt 0.322557 0.150705
vt 0.306570 0.150524
vt 0.306215 0.154692
vt 0.288808 0.154329
vt 0.288808 0.157229
vt 0.265452 0.157421
vt 0.244688 0.151171
vt 0.229973 0.151379
vt 0.229547 0.141158
vt 0.220807 0.141811
vt 0.221447 0.151379
vt 0.203298 0.163172
vt 0.203938 0.140556
vt 0.183688 0.140121
vt 0.183262 0.149689
vt 0.173670 0.149907
vt 0.173457 0.157083
vt 0.161520 0.157953
vt 0.160881 0.163172
vt 0.147879 0.163172
vt 0.147879 0.166216
vt 0.131253 0.166433
vt 0.131040 0.170130
vt 0.121448 0.169695
vt 0.120793 0.173817
vt 0.115464 0.173599
vt 0.115906 0.168826
vt 0.102477 0.169043
vt 0.102051 0.159257
vt 0.093525 0.159040
vt 0.095261 0.162252
vt 0.102295 0.163122
vt 0.097179 0.172255
vt 0.042399 0.172907
vt 0.039841 0.165731
vt 0.031955 0.165296
vt 0.031955 0.169428
vt 0.027479 0.169211
vt 0.027052 0.161817
vt 0.359686 0.754173
vt 0.280781 0.765788
vt 0.106552 0.600615
vt 0.106978 0.634321
vt 0.098313 0.634321
vt 0.098100 0.644107
vt 0.104471 0.640660
vt 0.027680 0.642376
vt 0.955564 0.446828
vt 0.904852 0.447984
vt 0.814169 0.442537
vt 0.771132 0.442871
vt 0.840590 0.149987
vt 0.794583 0.153063
vt 0.748661 0.776552
vt 0.749031 0.801253
vt 0.540749 0.453142
vt 0.962904 0.623305
vt 0.879078 0.625013
vt 0.935865 0.779652
vt 0.919314 0.779100
vt 0.873852 0.627352
vt 0.874016 0.611189
vt 0.946319 0.607131
vt 0.964254 0.608037
vt 0.827477 0.759923
vt 0.821741 0.760344
vt 0.820505 0.777029
vt 0.786393 0.776305
vt 0.017568 0.452644
vt 0.017819 0.495537
vt 0.260868 0.136042
vt 0.261231 0.180012
vt 0.502211 0.144580
vt 0.503153 0.183098
vt 0.507034 0.602528
vt 0.508107 0.652830
vt 0.099806 0.477221
vt 0.034708 0.477656
vt 0.715048 0.614023
vt 0.707801 0.614023
vt 0.644670 0.624491
vt 0.636667 0.624226
vt 0.636667 0.613514
vt 0.628687 0.612984
vt 0.619238 0.601113
vt 0.602776 0.598462
vt 0.575488 0.601483
vt 0.546276 0.600672
vt 0.714985 0.795709
vt 0.660342 0.795492
vt 0.604414 0.762725
vt 0.523953 0.761681
vt 0.094045 0.154232
vt 0.043553 0.153294
vt 0.836687 0.304071
vt 0.801803 0.304377
vt 0.798271 0.297590
vt 0.782818 0.297366
vt 0.582658 0.502183
vt 0.582743 0.587099
vt 0.607704 0.580806
vt 0.607740 0.501286
vt 0.460215 0.623976
vt 0.412040 0.626418
vt 0.388526 0.630626
vt 0.387785 0.614317
vt 0.957083 0.156000
vt 0.947456 0.155990
vt 0.912547 0.309493
vt 0.908073 0.315018
vt 0.876890 0.314871
vt 0.876179 0.326598
vt 0.918248 0.325996
vt 0.915246 0.314006
s 0
usemtl Screenshot_2024-09-09_151143
f 1/1/1 331/2/1 334/3/1 333/4/1 338/5/1 337/6/1 342/7/1 341/8/1 346/9/1 345/10/1 332/11/1 2/12/1
f 5/13/2 6/14/2 8/15/2 7/16/2
f 2/17/3 332/18/3 330/19/3 328/20/3 321/21/3 325/22/3 323/23/3 119/24/3 4/25/3 8/26/3 6/27/3
f 3/28/4 120/29/4 322/30/4 326/31/4 327/32/4 329/33/4 331/34/4 1/35/4 5/36/4 7/37/4
f 4/38/5 117/39/5 118/40/5 324/41/5 3/42/5 7/43/5 8/44/5
f 1/1/6 2/12/6 6/12/6 5/1/6
f 71/45/7 22/46/7 77/46/7 116/45/7
f 9/47/2 38/47/2 13/47/2
f 11/48/8 10/49/8 18/49/8
f 12/50/9 34/51/9 29/52/9 16/53/9
f 10/49/6 9/47/6 13/47/6 14/49/6
f 73/49/1 72/47/1 74/47/1 83/47/1 82/54/1 84/55/1 85/56/1 86/57/1 87/58/1 88/59/1 89/60/1 90/61/1 91/62/1 92/63/1 93/64/1 94/65/1 81/66/1 80/67/1 95/68/1 96/69/1 97/70/1 98/71/1 99/72/1 100/73/1 101/74/1 102/75/1 103/76/1 104/77/1 79/78/1 78/79/1 105/80/1 106/81/1 107/82/1 108/83/1 109/84/1 110/85/1 111/86/1 112/87/1 113/88/1 114/89/1 115/90/1 116/45/1 77/46/1 76/48/1 75/49/1
f 29/66/2 34/91/2 28/66/2
f 28/92/9 34/51/9 27/93/9
f 27/93/9 33/94/9 32/95/9 26/96/9
f 26/78/2 24/79/2 25/78/2
f 24/97/9 31/98/9 30/99/9 23/100/9
f 23/100/9 30/99/9 11/101/9 21/102/9 22/100/9
f 21/48/2 11/48/2 20/48/2
f 11/48/2 15/48/2 20/48/2
f 31/98/9 24/97/9 26/96/9 32/95/9
f 33/94/9 27/93/9 34/51/9
f 38/47/2 9/47/2 37/47/2
f 37/47/10 9/47/10 17/103/10 36/54/10
f 36/54/10 17/103/10 12/104/10 16/104/10 35/54/10
f 18/49/2 21/48/2 20/48/2 15/48/2 19/49/2
f 22/46/1 71/45/1 70/90/1 69/89/1 68/88/1 67/87/1 66/86/1 65/85/1 64/84/1 63/83/1 62/82/1 61/81/1 60/80/1 24/79/1 23/46/1
f 25/78/1 59/77/1 58/76/1 57/75/1 56/74/1 55/73/1 54/72/1 53/71/1 52/70/1 51/69/1 50/68/1 27/67/1 26/78/1
f 28/66/1 49/65/1 48/64/1 47/63/1 46/62/1 45/61/1 44/60/1 43/59/1 42/58/1 41/57/1 40/56/1 39/55/1 35/54/1 16/104/1 29/66/1
f 35/54/2 39/55/2 36/54/2
f 18/49/2 19/49/2 10/49/2 14/49/2
f 19/49/8 15/48/8 11/48/8 18/49/8 10/49/8
f 59/77/11 25/78/11 79/78/11 104/77/11
f 47/63/4 48/64/4 93/64/4 92/63/4
f 22/46/9 21/48/9 76/48/9 77/46/9
f 24/79/12 60/80/12 105/80/12 78/79/12
f 14/49/6 13/47/6 72/47/6 73/49/6
f 48/64/13 49/65/13 94/65/13 93/64/13
f 21/48/8 18/49/8 75/49/8 76/48/8
f 60/80/14 61/81/14 106/81/14 105/80/14
f 37/47/10 36/54/10 82/54/10 83/47/10
f 49/105/15 28/106/15 81/107/15 94/108/15
f 61/81/16 62/82/16 107/82/16 106/81/16
f 38/47/2 37/47/2 83/47/2 74/47/2
f 27/109/17 50/110/17 95/111/17 80/112/17
f 25/78/9 24/79/9 78/79/9 79/78/9
f 62/82/18 63/83/18 108/83/18 107/82/18
f 13/47/2 38/47/2 74/47/2 72/47/2
f 50/68/19 51/69/19 96/69/19 95/68/19
f 36/54/20 39/55/20 84/55/20 82/54/20
f 63/83/3 64/84/3 109/84/3 108/83/3
f 51/69/21 52/70/21 97/70/21 96/69/21
f 39/55/22 40/56/22 85/56/22 84/55/22
f 64/84/5 65/85/5 110/85/5 109/84/5
f 52/70/23 53/71/23 98/71/23 97/70/23
f 28/66/9 27/67/9 80/67/9 81/66/9
f 40/56/24 41/57/24 86/57/24 85/56/24
f 65/85/4 66/86/4 111/86/4 110/85/4
f 53/71/25 54/72/25 99/72/25 98/71/25
f 41/57/26 42/58/26 87/58/26 86/57/26
f 66/86/27 67/87/27 112/87/27 111/86/27
f 54/72/28 55/73/28 100/73/28 99/72/28
f 42/58/5 43/59/5 88/59/5 87/58/5
f 67/87/29 68/88/29 113/88/29 112/87/29
f 55/73/30 56/74/30 101/74/30 100/73/30
f 43/59/31 44/60/31 89/60/31 88/59/31
f 68/88/32 69/89/32 114/89/32 113/88/32
f 18/49/2 14/49/2 73/49/2 75/49/2
f 56/74/33 57/75/33 102/75/33 101/74/33
f 44/60/34 45/61/34 90/61/34 89/60/34
f 69/89/4 70/90/4 115/90/4 114/89/4
f 57/75/35 58/76/35 103/76/35 102/75/35
f 45/61/36 46/62/36 91/62/36 90/61/36
f 70/90/5 71/45/5 116/45/5 115/90/5
f 58/76/34 59/77/34 104/77/34 103/76/34
f 46/62/5 47/63/5 92/63/5 91/62/5
f 117/113/1 9/47/1 10/49/1 118/114/1
f 121/115/5 122/116/5 130/117/5 157/118/5 156/119/5 131/120/5
f 4/121/1 119/122/1 12/123/1 17/124/1 9/125/1 117/126/1
f 11/48/1 121/127/1 136/128/1 127/129/1 128/130/1 134/131/1 122/132/1 123/133/1 203/134/1 204/135/1 208/136/1 195/137/1 196/138/1 124/139/1 125/140/1 296/141/1 266/142/1 267/143/1 126/144/1 120/145/1 3/146/1 324/147/1 118/114/1 10/49/1
f 130/132/1 133/148/1 155/149/1 154/150/1 153/151/1 152/152/1 151/153/1 150/154/1 149/155/1 148/156/1 147/157/1 146/158/1 145/159/1 144/160/1 143/161/1 142/162/1 141/163/1 140/164/1 139/165/1 138/166/1 137/167/1 135/168/1 131/127/1 156/169/1 158/170/1 159/171/1 160/172/1 161/173/1 162/174/1 163/175/1 157/176/1
f 127/129/37 136/128/37 135/168/37 132/129/37
f 128/130/38 127/129/38 132/129/38 129/130/38
f 122/177/39 134/178/39 133/179/39 130/180/39
f 164/168/1 168/167/1 169/166/1 170/165/1 171/164/1 172/163/1 173/162/1 174/161/1 175/160/1 176/159/1 177/158/1 178/157/1 179/156/1 180/155/1 181/154/1 182/153/1 183/152/1 184/151/1 185/150/1 186/149/1 167/148/1 166/130/1 165/129/1
f 135/168/37 136/128/37 121/127/37 131/127/37
f 140/164/40 141/163/40 172/163/40 171/164/40
f 133/181/39 134/178/39 128/182/39 129/183/39
f 153/151/41 154/150/41 185/150/41 184/151/41
f 188/176/1 194/175/1 193/174/1 192/173/1 191/172/1 190/171/1 189/170/1 187/169/1
f 154/150/42 155/149/42 186/149/42 185/150/42
f 141/163/43 142/162/43 173/162/43 172/163/43
f 155/149/44 133/148/44 167/148/44 186/149/44
f 142/162/45 143/161/45 174/161/45 173/162/45
f 143/161/46 144/160/46 175/160/46 174/161/46
f 144/160/3 145/159/3 176/159/3 175/160/3
f 133/148/47 129/130/47 166/130/47 167/148/47
f 156/169/5 157/176/5 188/176/5 187/169/5
f 145/159/5 146/158/5 177/158/5 176/159/5
f 158/170/48 156/169/48 187/169/48 189/170/48
f 146/158/49 147/157/49 178/157/49 177/158/49
f 159/171/50 158/170/50 189/170/50 190/171/50
f 147/157/51 148/156/51 179/156/51 178/157/51
f 160/172/52 159/171/52 190/171/52 191/172/52
f 148/156/53 149/155/53 180/155/53 179/156/53
f 161/173/54 160/172/54 191/172/54 192/173/54
f 149/155/55 150/154/55 181/154/55 180/155/55
f 135/168/56 137/167/56 168/167/56 164/168/56
f 162/174/57 161/173/57 192/173/57 193/174/57
f 150/154/5 151/153/5 182/153/5 181/154/5
f 137/167/58 138/166/58 169/166/58 168/167/58
f 163/175/59 162/174/59 193/174/59 194/175/59
f 132/129/60 135/168/60 164/168/60 165/129/60
f 151/153/61 152/152/61 183/152/61 182/153/61
f 138/166/62 139/165/62 170/165/62 169/166/62
f 157/176/63 163/175/63 194/175/63 188/176/63
f 129/130/38 132/129/38 165/129/38 166/130/38
f 152/152/64 153/151/64 184/151/64 183/152/64
f 139/165/65 140/164/65 171/164/65 170/165/65
f 198/139/1 207/184/1 233/185/1 232/186/1 231/187/1 230/188/1 229/189/1 228/190/1 227/191/1 226/192/1 225/193/1 224/194/1 223/195/1 222/196/1 221/197/1 220/198/1 219/199/1 218/200/1 217/201/1 216/202/1 215/203/1 214/204/1 213/205/1 212/206/1 211/207/1 210/208/1 209/209/1 206/210/1 202/211/1 205/212/1 201/213/1 197/133/1
f 123/214/5 124/215/5 198/216/5 197/217/5
f 196/138/6 195/137/6 199/137/6 200/138/6
f 124/139/66 196/138/66 200/138/66 207/184/66 198/139/66
f 195/137/67 208/136/67 206/210/67 199/137/67
f 237/213/1 239/212/1 238/211/1
f 202/211/67 204/135/67 203/134/67
f 203/218/67 123/219/67 197/220/67 201/221/67
f 201/213/67 202/211/67 203/134/67
f 218/200/68 219/199/68 251/199/68 250/200/68
f 206/210/67 208/136/67 204/135/67 202/211/67
f 231/187/69 232/186/69 264/186/69 263/187/69
f 234/210/1 241/209/1 242/208/1 243/207/1 244/206/1 245/205/1 246/204/1 247/203/1 248/202/1 249/201/1 250/200/1 251/199/1 252/198/1 253/197/1 254/196/1 255/195/1 256/194/1 257/193/1 258/192/1 259/191/1 260/190/1 261/189/1 262/188/1 263/187/1 264/186/1 265/185/1 240/184/1 236/138/1 235/137/1
f 232/186/70 233/185/70 265/185/70 264/186/70
f 219/199/71 220/198/71 252/198/71 251/199/71
f 207/184/72 200/138/72 236/138/72 240/184/72
f 233/185/73 207/184/73 240/184/73 265/185/73
f 220/198/74 221/197/74 253/197/74 252/198/74
f 206/210/75 209/209/75 241/209/75 234/210/75
f 221/197/76 222/196/76 254/196/76 253/197/76
f 222/196/77 223/195/77 255/195/77 254/196/77
f 209/209/78 210/208/78 242/208/78 241/209/78
f 223/195/5 224/194/5 256/194/5 255/195/5
f 210/208/79 211/207/79 243/207/79 242/208/79
f 202/211/80 201/213/80 237/213/80 238/211/80
f 224/194/81 225/193/81 257/193/81 256/194/81
f 211/207/82 212/206/82 244/206/82 243/207/82
f 225/193/5 226/192/5 258/192/5 257/193/5
f 212/206/83 213/205/83 245/205/83 244/206/83
f 226/192/81 227/191/81 259/191/81 258/192/81
f 213/205/84 214/204/84 246/204/84 245/205/84
f 227/191/5 228/190/5 260/190/5 259/191/5
f 214/204/85 215/203/85 247/203/85 246/204/85
f 228/190/86 229/189/86 261/189/86 260/190/86
f 215/203/87 216/202/87 248/202/87 247/203/87
f 229/189/88 230/188/88 262/188/88 261/189/88
f 199/137/80 206/210/80 234/210/80 235/137/80
f 216/202/89 217/201/89 249/201/89 248/202/89
f 201/213/90 205/212/90 239/212/90 237/213/90
f 230/188/91 231/187/91 263/187/91 262/188/91
f 200/138/6 199/137/6 235/137/6 236/138/6
f 217/201/92 218/200/92 250/200/92 249/201/92
f 205/212/93 202/211/93 238/211/93 239/212/93
f 269/144/1 272/222/1 294/223/1 293/224/1 292/225/1 291/226/1 290/227/1 289/228/1 288/229/1 287/230/1 286/231/1 285/232/1 284/233/1 283/234/1 282/235/1 281/236/1 280/237/1 279/238/1 278/239/1 277/240/1 276/241/1 275/242/1 274/243/1 295/244/1 268/140/1
f 267/143/94 266/142/94 270/142/94 271/143/94
f 125/245/95 126/246/95 269/247/95 268/248/95
f 126/249/96 267/250/96 271/143/96 272/251/96 269/252/96
f 266/142/97 296/141/97 295/244/97 270/142/97
f 291/226/98 292/225/98 318/225/98 317/226/98
f 273/244/1 300/243/1 301/242/1 302/241/1 303/240/1 304/239/1 305/238/1 306/237/1 307/236/1 308/235/1 309/234/1 310/233/1 311/232/1 312/231/1 313/230/1 314/229/1 315/228/1 316/227/1 317/226/1 318/225/1 319/224/1 320/223/1 299/222/1 298/143/1 297/142/1
f 295/253/97 296/254/97 125/255/97 268/256/97
f 284/233/5 285/232/5 311/232/5 310/233/5
f 277/240/99 278/239/99 304/239/99 303/240/99
f 292/225/5 293/224/5 319/224/5 318/225/5
f 285/232/4 286/231/4 312/231/4 311/232/4
f 278/239/100 279/238/100 305/238/100 304/239/100
f 293/224/101 294/223/101 320/223/101 319/224/101
f 286/231/102 287/230/102 313/230/102 312/231/102
f 279/238/103 280/237/103 306/237/103 305/238/103
f 294/223/104 272/222/104 299/222/104 320/223/104
f 272/222/105 271/143/105 298/143/105 299/222/105
f 287/230/106 288/229/106 314/229/106 313/230/106
f 270/142/107 295/244/107 273/244/107 297/142/107
f 280/237/5 281/236/5 307/236/5 306/237/5
f 295/244/108 274/243/108 300/243/108 273/244/108
f 288/229/109 289/228/109 315/228/109 314/229/109
f 271/143/94 270/142/94 297/142/94 298/143/94
f 281/236/3 282/235/3 308/235/3 307/236/3
f 274/243/110 275/242/110 301/242/110 300/243/110
f 289/228/111 290/227/111 316/227/111 315/228/111
f 282/235/112 283/234/112 309/234/112 308/235/112
f 275/242/113 276/241/113 302/241/113 301/242/113
f 290/227/114 291/226/114 317/226/114 316/227/114
f 283/234/115 284/233/115 310/233/115 309/234/115
f 276/241/116 277/240/116 303/240/116 302/241/116
f 323/257/1 397/258/1 494/259/1 399/260/1 400/261/1 496/262/1 398/263/1 401/264/1 559/265/1 568/266/1 403/267/1 404/268/1 402/269/1 405/270/1 614/271/1 407/272/1 408/273/1 406/274/1 409/275/1 640/276/1 411/277/1 412/278/1 637/279/1 410/280/1 322/281/1 120/145/1 126/144/1 125/140/1 124/139/1 123/133/1 122/132/1 121/127/1 11/48/1 30/46/1 31/282/1 32/283/1 33/284/1 34/91/1 12/104/1 119/285/1
f 325/286/1 393/287/1 679/288/1 396/289/1 395/290/1 394/291/1 389/292/1 391/293/1 392/294/1 735/295/1 390/296/1 385/297/1 780/298/1 387/299/1 388/300/1 781/301/1 386/302/1 381/303/1 806/304/1 384/305/1 383/306/1 805/307/1 382/308/1 326/309/1 322/310/1 410/311/1 409/312/1 406/313/1 405/314/1 402/315/1 556/316/1 401/264/1 398/263/1 397/258/1 323/257/1
f 328/317/1 366/318/1 828/319/1 367/320/1 368/321/1 365/322/1 370/323/1 856/324/1 371/325/1 372/326/1 369/327/1 374/328/1 875/329/1 375/330/1 376/331/1 373/332/1 378/333/1 896/334/1 379/335/1 380/336/1 899/337/1 377/338/1 327/339/1 326/309/1 382/340/1 381/341/1 386/342/1 385/297/1 390/343/1 772/344/1 771/345/1 389/346/1 394/347/1 393/287/1 325/286/1 321/348/1
f 330/349/1 361/350/1 937/351/1 364/352/1 363/353/1 362/354/1 357/355/1 962/356/1 961/357/1 360/358/1 359/359/1 959/360/1 358/361/1 353/362/1 985/363/1 356/364/1 355/365/1 983/366/1 354/367/1 349/368/1 993/369/1 352/370/1 351/371/1 992/372/1 350/373/1 329/374/1 327/339/1 377/375/1 378/333/1 373/376/1 374/377/1 369/378/1 370/323/1 365/379/1 366/318/1 328/317/1
f 332/11/1 345/380/1 348/381/1 347/382/1 1005/383/1 346/384/1 341/8/1 1039/385/1 344/386/1 343/387/1 1042/388/1 342/389/1 337/390/1 1077/391/1 340/392/1 339/393/1 1080/394/1 338/395/1 333/4/1 1108/396/1 336/397/1 335/398/1 334/399/1 331/2/1 329/400/1 350/401/1 349/402/1 354/403/1 353/404/1 358/405/1 357/406/1 362/407/1 361/408/1 330/409/1
f 341/410/117 342/411/117 422/411/117 421/410/117
f 362/412/118 363/413/118 443/413/118 935/414/118 442/412/118
f 383/415/6 384/416/6 464/416/6 463/415/6
f 402/417/3 404/418/3 484/418/3 567/419/3 482/417/3
f 361/420/119 362/421/119 442/421/119 441/420/119
f 382/422/120 805/423/120 807/423/120 462/422/120
f 404/424/121 403/267/121 483/267/121 484/424/121
f 340/425/122 1077/426/122 1078/427/122 420/425/122
f 381/428/123 382/429/123 462/430/123 461/431/123
f 414/3/1 415/432/1 1140/433/1 1139/434/1 1138/435/1 1137/436/1 1136/437/1 1153/438/1 1154/439/1 1155/440/1 1156/441/1 1157/442/1 1158/443/1 1159/444/1 1160/445/1 1152/446/1 1148/447/1 1149/448/1 1150/449/1 1151/450/1 1147/451/1 1142/452/1 1143/453/1 1144/454/1 1145/455/1 1146/456/1 1141/457/1 1132/458/1 1131/459/1 1130/460/1 1129/461/1 1128/462/1 1127/463/1 1126/464/1 1125/465/1 1124/466/1 1123/467/1 1122/468/1 1121/469/1 1120/470/1 1119/471/1 1118/472/1 1117/473/1 1116/474/1 1115/475/1 1114/476/1 1113/477/1 1112/478/1 1111/479/1 1110/480/1 1109/481/1 1107/482/1 413/4/1
f 403/267/124 568/266/124 566/483/124 483/267/124
f 339/484/125 340/425/125 420/425/125 419/484/125
f 360/358/126 961/357/126 963/485/126 440/358/126
f 401/264/127 556/316/127 557/486/127 481/264/127
f 338/487/128 1080/488/128 1079/488/128 418/487/128
f 359/489/129 360/358/129 440/358/129 439/489/129
f 377/490/130 899/491/130 898/491/130 457/490/130
f 337/492/117 338/493/117 418/493/117 417/492/117
f 358/494/118 959/495/118 960/496/118 438/494/118
f 380/497/131 379/335/131 459/335/131 460/497/131
f 398/498/132 496/499/132 495/500/132 478/501/132
f 418/5/1 1079/502/1 1106/503/1 1105/504/1 1104/505/1 1103/506/1 1102/507/1 1101/508/1 1100/509/1 1099/510/1 1098/511/1 1097/512/1 1096/513/1 1095/514/1 1094/515/1 1093/516/1 1092/517/1 1091/518/1 1090/519/1 1089/520/1 1088/521/1 1087/522/1 1086/523/1 1085/524/1 1084/525/1 1083/526/1 1082/527/1 1081/528/1 1078/427/1 417/6/1
f 422/7/1 1040/529/1 1076/530/1 1075/531/1 1074/532/1 1073/533/1 1072/534/1 1071/535/1 1070/536/1 1069/537/1 1068/538/1 1067/539/1 1066/540/1 1065/541/1 1064/542/1 1063/543/1 1062/544/1 1061/545/1 1060/546/1 1059/547/1 1058/548/1 1057/549/1 1056/550/1 1055/551/1 1054/552/1 1053/553/1 1052/554/1 1051/555/1 1050/556/1 1049/557/1 1048/558/1 1047/559/1 1046/560/1 1045/561/1 1044/562/1 1043/563/1 1041/385/1 421/8/1
f 426/9/1 1004/564/1 1038/565/1 1037/566/1 1036/567/1 1035/568/1 1034/569/1 1033/570/1 1032/571/1 1031/572/1 1030/573/1 1029/574/1 1028/575/1 1027/576/1 1026/577/1 1025/578/1 1024/579/1 1023/580/1 1022/581/1 1021/582/1 1020/583/1 1019/584/1 1018/585/1 1017/586/1 1016/587/1 1015/588/1 1014/589/1 1013/590/1 1012/591/1 1011/592/1 1010/593/1 1009/594/1 1008/595/1 1007/596/1 1826/597/1 425/10/1
f 430/598/1 994/599/1 1003/600/1 1002/601/1 1001/602/1 1000/603/1 999/604/1 998/605/1 997/606/1 996/607/1 995/369/1 429/368/1
f 434/608/1 982/609/1 991/610/1 990/611/1 989/612/1 988/613/1 987/614/1 986/615/1 984/616/1 433/617/1
f 438/618/1 960/619/1 981/620/1 980/621/1 979/622/1 978/623/1 977/624/1 976/625/1 975/626/1 974/627/1 973/628/1 972/629/1 971/630/1 970/631/1 969/632/1 968/633/1 967/634/1 966/635/1 965/636/1 964/637/1 963/485/1 437/355/1
f 442/638/1 935/639/1 958/640/1 957/641/1 956/642/1 955/643/1 954/644/1 953/645/1 952/646/1 951/647/1 950/648/1 949/649/1 948/650/1 947/651/1 946/652/1 1830/653/1 945/654/1 944/655/1 943/656/1 942/657/1 941/658/1 940/659/1 939/660/1 938/661/1 936/662/1 441/350/1
f 445/379/1 853/663/1 849/664/1 848/665/1 847/666/1 846/667/1 845/668/1 844/669/1 843/670/1 842/671/1 841/672/1 840/673/1 839/674/1 838/675/1 837/676/1 836/677/1 835/678/1 834/679/1 833/680/1 832/681/1 831/682/1 830/683/1 829/684/1 827/319/1 446/318/1
f 449/378/1 855/685/1 872/686/1 871/687/1 870/688/1 869/689/1 868/690/1 867/691/1 866/692/1 865/693/1 864/694/1 863/695/1 862/696/1 861/697/1 860/698/1 859/699/1 858/700/1 857/701/1 854/702/1 450/323/1
f 453/376/1 874/703/1 895/704/1 894/705/1 893/706/1 892/707/1 891/708/1 890/709/1 889/710/1 888/711/1 887/712/1 886/713/1 885/714/1 884/715/1 883/716/1 882/717/1 881/718/1 880/719/1 879/720/1 878/721/1 877/722/1 876/723/1 873/329/1 454/328/1
f 457/724/1 898/725/1 922/726/1 923/727/1 928/728/1 927/729/1 926/730/1 925/731/1 924/732/1 929/733/1 934/734/1 933/735/1 932/736/1 931/737/1 930/738/1 915/739/1 914/740/1 913/741/1 912/742/1 911/743/1 910/744/1 909/745/1 908/746/1 907/747/1 906/748/1 905/749/1 904/750/1 903/751/1 902/752/1 901/753/1 900/754/1 897/334/1 458/333/1
f 462/340/1 807/755/1 826/756/1 825/757/1 824/758/1 823/759/1 822/760/1 821/761/1 820/762/1 819/763/1 818/764/1 817/765/1 816/766/1 815/767/1 814/768/1 813/769/1 812/770/1 811/771/1 810/772/1 809/773/1 808/774/1 461/341/1
f 466/342/1 782/775/1 804/776/1 803/777/1 802/778/1 801/779/1 800/780/1 799/781/1 798/782/1 797/783/1 796/784/1 795/785/1 794/786/1 793/787/1 792/788/1 791/789/1 790/790/1 789/791/1 788/792/1 787/793/1 786/794/1 785/795/1 784/796/1 783/797/1 779/298/1 465/297/1
f 470/343/1 727/798/1 752/799/1 753/800/1 754/801/1 777/802/1 776/803/1
f 478/263/1 495/804/1 534/805/1 535/806/1 536/807/1 537/808/1 538/809/1 529/810/1 528/811/1 527/812/1 526/813/1 525/814/1 524/815/1 523/816/1 522/817/1 521/818/1 520/819/1 519/820/1 518/821/1 517/822/1 516/823/1 515/824/1 514/825/1 513/826/1 512/827/1 548/828/1 549/829/1 550/830/1 551/831/1 552/832/1 553/833/1 554/834/1 539/835/1 540/836/1 541/837/1 542/838/1 543/839/1 544/840/1 545/841/1 500/842/1 499/843/1 498/844/1 497/845/1 493/259/1 477/258/1
f 486/846/1 613/847/1 636/848/1 635/849/1 634/850/1 633/851/1 632/852/1 631/853/1 630/854/1 629/855/1 628/856/1 627/857/1 626/858/1 625/859/1 624/860/1 623/861/1 622/862/1 621/863/1 620/864/1 619/865/1 618/866/1 617/867/1 616/868/1 615/869/1 612/870/1 485/314/1
f 490/871/1 639/872/1 678/873/1 677/874/1 676/875/1 675/876/1 674/877/1 673/878/1 672/879/1 671/880/1 670/881/1 669/882/1 668/883/1 667/884/1 666/885/1 665/886/1 664/887/1 663/888/1 662/889/1 661/890/1 660/891/1 659/892/1 658/893/1 657/894/1 656/895/1 655/896/1 654/897/1 653/898/1 652/899/1 651/900/1 650/901/1 649/902/1 648/903/1 647/904/1 646/905/1 645/906/1 644/907/1 643/908/1 641/909/1 642/910/1 638/911/1 489/912/1
f 384/416/4 806/913/4 808/774/4 464/416/4
f 363/914/133 364/352/133 444/352/133 443/914/133
f 342/915/134 1042/916/134 1040/917/134 422/915/134
f 405/918/127 406/919/127 486/919/127 485/918/127
f 364/352/135 937/351/135 936/662/135 444/352/135
f 343/920/125 344/386/125 424/386/125 423/920/125
f 407/921/136 614/922/136 612/870/136 487/921/136
f 385/923/123 386/924/123 466/924/123 465/923/123
f 344/386/4 1039/385/4 1041/385/4 424/386/4
f 408/925/121 407/921/121 487/921/121 488/925/121
f 387/299/137 780/298/137 779/298/137 467/299/137
f 366/926/138 365/927/138 445/927/138 446/926/138
f 406/928/3 408/929/3 488/929/3 613/930/3 486/928/3
f 388/931/139 387/299/139 467/299/139 468/931/139
f 367/320/140 828/319/140 827/319/140 447/320/140
f 345/932/117 346/933/117 426/933/117 425/932/117
f 386/934/141 781/935/141 782/936/141 466/934/141
f 368/937/142 367/320/142 447/320/142 448/937/142
f 346/938/3 1005/939/3 1004/940/3 426/938/3
f 409/941/127 410/942/127 490/943/127 489/944/127
f 365/945/3 368/946/3 448/946/3 852/947/3 853/948/3 445/945/3
f 347/949/143 348/950/143 428/950/143 427/949/143
f 411/951/136 640/952/136 638/953/136 491/954/136
f 389/955/123 771/956/123 773/956/123 469/955/123
f 348/950/4 345/10/4 425/10/4 1826/597/4 428/950/4
f 412/957/125 411/958/125 491/958/125 492/957/125
f 391/959/144 389/346/144 469/346/144 1822/960/144 471/959/144
f 370/323/138 369/378/138 449/378/138 450/323/138
f 410/961/132 637/962/132 639/962/132 490/961/132
f 392/963/125 391/959/125 471/959/125 472/963/125
f 371/325/145 856/324/145 854/702/145 451/325/145
f 349/964/119 350/965/119 430/965/119 429/964/119
f 390/966/146 735/967/146 727/967/146 470/966/146
f 372/968/147 371/325/147 451/325/147 452/968/147
f 350/969/148 992/970/148 994/971/148 430/969/148
f 369/972/149 372/973/149 452/973/149 855/974/149 449/972/149
f 351/975/150 352/370/150 432/370/150 431/975/150
f 393/976/123 394/977/123 474/977/123 473/976/123
f 352/370/4 993/369/4 995/369/4 432/370/4
f 394/978/3 395/979/3 475/979/3 680/980/3 718/981/3 717/982/3 474/978/3
f 374/328/138 373/376/138 453/376/138 454/328/138
f 395/983/151 396/289/151 476/289/151 475/983/151
f 375/330/140 875/329/140 873/329/140 455/330/140
f 353/984/119 354/985/119 434/985/119 433/984/119
f 396/289/137 679/288/137 681/288/137 476/289/137
f 376/986/131 375/330/131 455/330/131 456/986/131
f 354/987/152 983/988/152 982/989/152 434/987/152
f 333/990/117 334/991/117 414/991/117 413/990/117
f 373/376/153 376/986/153 456/986/153 874/703/153 453/376/153
f 355/992/129 356/993/129 436/993/129 435/992/129
f 334/994/154 335/995/154 415/995/154 414/994/154
f 397/996/127 398/997/127 478/997/127 477/996/127
f 356/993/4 985/616/4 984/616/4 436/993/4
f 335/432/155 336/397/155 416/397/155 415/432/155
f 399/260/4 494/259/4 493/259/4 479/260/4
f 378/333/138 377/724/138 457/724/138 458/333/138
f 336/397/156 1108/396/156 1107/482/156 416/397/156
f 400/998/125 399/260/125 479/260/125 480/998/125
f 379/335/157 896/334/157 897/334/157 459/335/157
f 357/999/119 358/1000/119 438/1000/119 437/999/119
f 495/1001/132 496/1002/132 400/1003/132 480/1004/132
f 633/851/158 634/850/158 1346/850/158 1345/851/158
f 493/259/4 494/259/4 397/258/4 477/258/4
f 529/810/1 538/809/1 533/1005/1 534/805/1 495/804/1 532/1006/1 531/1007/1 530/1008/1
f 818/764/5 819/763/5 1507/763/5 1506/764/5
f 500/842/1 545/841/1 546/1009/1 547/1010/1 548/828/1 512/827/1 511/1011/1 510/1012/1 509/1013/1 508/1014/1 507/1015/1 506/1016/1 505/1017/1 504/1018/1 503/1019/1 502/1020/1 501/1021/1
f 996/607/101 997/606/101 1668/606/101 1667/607/101
f 632/852/159 633/851/159 1345/851/159 1344/852/159
f 555/1022/124 559/1023/124 401/1024/124 481/1025/124
f 557/486/127 556/1026/127 402/1027/127 482/1027/127 558/1028/127
f 817/765/160 818/764/160 1506/764/160 1505/765/160
f 566/1029/124 568/1030/124 559/1023/124 555/1022/124
f 586/1031/1 587/1032/1 588/1033/1 601/1034/1 602/1035/1 603/1036/1 598/1037/1 567/1038/1 584/1039/1 583/1040/1 582/1041/1 581/1042/1 580/1043/1 579/1044/1 578/1045/1 577/1046/1 576/1047/1 575/1048/1 574/1049/1 585/1050/1
f 565/1051/1 589/1052/1 590/1053/1 591/1054/1 592/1055/1 593/1056/1 594/1057/1 595/1058/1 596/1059/1 597/1060/1 585/1050/1
f 631/853/161 632/852/161 1344/852/161 1343/853/161
f 574/1049/1 573/1061/1 572/1062/1 571/1063/1 570/1064/1 569/1065/1 566/483/1 555/1066/1 565/1051/1 585/1050/1
f 567/1038/1 598/1037/1 599/1067/1 600/1068/1 601/1034/1 588/1033/1 589/1052/1 604/1069/1 611/1070/1 610/1071/1 609/1072/1 482/315/1
f 816/766/162 817/765/162 1505/765/162 1504/766/162
f 482/315/1 609/1072/1 608/1073/1 607/1074/1 606/1075/1 605/1076/1 604/1069/1 589/1052/1 565/1051/1 564/1077/1 563/1078/1 562/1079/1 561/1080/1 560/1081/1 558/486/1
f 630/854/5 631/853/5 1343/853/5 1342/854/5
f 693/1082/1 738/1083/1 734/1084/1 733/1085/1 732/1086/1 731/1087/1 730/1088/1 729/1089/1 681/288/1 473/287/1 474/347/1 717/1090/1 722/1091/1 721/1092/1 720/1093/1 719/1094/1 724/1095/1 725/1096/1 726/1097/1 723/1098/1 709/1099/1 708/1100/1 707/1101/1 706/1102/1 705/1103/1 704/1104/1 703/1105/1 702/1106/1 701/1107/1 700/1108/1 699/1109/1 698/1110/1 697/1111/1 696/1112/1 695/1113/1 694/1114/1
f 612/870/136 614/922/136 405/314/136 485/314/136
f 815/767/4 816/766/4 1504/766/4 1503/767/4
f 639/1115/132 637/1116/132 412/1117/132 492/1118/132
f 432/370/4 995/369/4 1666/369/4 1174/370/4
f 638/1119/136 640/1119/136 409/1120/136 489/1120/136
f 681/288/137 679/288/137 393/287/137 473/287/137
f 629/855/163 630/854/163 1342/854/163 1341/855/163
f 718/1121/1 719/1094/1 720/1093/1 721/1092/1 722/1091/1 717/1090/1
f 709/1099/1 723/1098/1 724/1095/1 719/1094/1 718/1121/1 680/1122/1 716/1123/1 715/1124/1 714/1125/1 713/1126/1 712/1127/1 711/1128/1 710/1129/1
f 723/1098/1 726/1097/1 725/1096/1 724/1095/1
f 681/288/1 729/1089/1 736/1130/1 737/1131/1 738/1083/1 693/1082/1 692/1132/1 691/1133/1 690/1134/1 689/1135/1 688/1136/1 687/1137/1 686/1138/1 685/1139/1 684/1140/1 683/1141/1 682/1142/1
f 814/768/5 815/767/5 1503/767/5 1502/768/5
f 628/856/164 629/855/164 1341/855/164 1340/856/164
f 727/1143/146 735/1143/146 392/1144/146 472/1144/146
f 739/1145/1 768/1146/1 767/1147/1 762/1148/1 761/1149/1 760/1150/1 753/800/1 752/799/1 751/1151/1 750/1152/1 749/1153/1 748/1154/1 747/1155/1 746/1156/1 745/1157/1 744/1158/1 743/1159/1 742/1160/1 741/1161/1 740/1162/1
f 813/1163/165 814/1164/165 1502/1164/165 1501/1163/165
f 627/857/166 628/856/166 1340/856/166 1339/857/166
f 773/345/1 778/1165/1 755/1166/1 756/1167/1 757/1168/1 758/1169/1 759/1170/1 760/1150/1 761/1149/1 766/1171/1 765/1172/1 764/1173/1 763/1174/1 762/1148/1 767/1147/1 770/1175/1 769/1176/1 768/1146/1 739/1145/1 1822/960/1 469/346/1
f 773/956/123 772/1177/123 390/1178/123 470/1178/123 776/1179/123
f 772/1177/123 773/956/123 771/956/123
f 812/770/167 813/769/167 1501/769/167 1500/770/167
f 779/298/137 780/298/137 385/297/137 465/297/137
f 626/858/168 627/857/168 1339/857/168 1338/858/168
f 782/775/141 781/1180/141 388/931/141 468/931/141
f 811/1181/4 812/1182/4 1500/1182/4 1499/1181/4
f 807/755/120 805/755/120 383/415/120 463/415/120
f 808/774/4 806/913/4 381/341/4 461/341/4
f 827/319/140 828/319/140 366/318/140 446/318/140
f 625/859/169 626/858/169 1338/858/169 1337/859/169
f 849/664/1 853/663/1 852/1183/1 851/1184/1
f 854/702/145 856/324/145 370/323/145 450/323/145
f 810/772/170 811/771/170 1499/771/170 1498/772/170
f 873/329/140 875/329/140 374/328/140 454/328/140
f 624/860/41 625/859/41 1337/859/41 1336/860/41
f 897/334/157 896/334/157 378/333/157 458/333/157
f 898/1185/130 899/1185/130 380/1186/130 460/1186/130
f 808/1187/171 809/1188/171 1497/1188/171 1496/1187/171
f 915/739/1 930/738/1 929/733/1 924/732/1 923/727/1 922/726/1 921/1189/1 920/1190/1 919/1191/1 918/1192/1 917/1193/1 916/1194/1
f 991/610/172 982/609/172 1175/609/172 1665/610/172
f 623/861/173 624/860/173 1336/860/173 1335/861/173
f 809/1195/174 810/1196/174 1498/1196/174 1497/1195/174
f 936/662/135 937/351/135 361/350/135 441/350/135
f 960/619/118 959/1197/118 359/489/118 439/489/118
f 963/485/126 962/356/126 357/355/126 437/355/126
f 962/356/175 963/485/175 961/357/175
f 990/611/176 991/610/176 1665/610/176 1664/611/176
f 622/862/177 623/861/177 1335/861/177 1334/862/177
f 984/616/4 985/616/4 353/617/4 433/617/4
f 982/1198/152 983/1199/152 355/1200/152 435/1200/152
f 994/599/148 992/1201/148 351/975/148 431/975/148
f 995/369/4 993/369/4 349/368/4 429/368/4
f 464/416/4 808/774/4 1496/774/4 1194/416/4
f 989/612/178 990/611/178 1664/611/178 1663/612/178
f 1004/564/3 1005/1202/3 347/949/3 427/949/3
f 1041/385/4 1039/385/4 341/8/4 421/8/4
f 1040/1203/134 1042/1204/134 343/1205/134 423/1205/134
f 621/863/179 622/862/179 1334/862/179 1333/863/179
f 1079/1206/128 1080/1206/128 339/1207/128 419/1207/128
f 1078/427/122 1077/426/122 337/6/122 417/6/122
f 807/755/120 463/415/120 1193/415/120 1495/755/120
f 988/613/180 989/612/180 1663/612/180 1662/613/180
f 1107/482/156 1108/396/156 333/4/156 413/4/156
f 1132/458/1 1141/457/1 1142/452/1 1147/451/1 1148/447/1 1152/446/1 1153/438/1 1136/437/1 1135/1208/1 1134/1209/1 1133/1210/1
f 620/864/181 621/863/181 1333/863/181 1332/864/181
f 987/614/9 988/613/9 1662/613/9 1661/614/9
f 619/865/4 620/864/4 1332/864/4 1331/865/4
f 1212/1211/1 1214/1212/1 1215/1213/1 1216/1214/1 1217/1215/1 1218/1216/1 1219/1217/1 1220/1218/1 1221/1219/1 1222/1220/1 1223/1221/1 1224/1222/1 1225/1223/1 1226/1224/1 1227/1225/1 1228/1226/1 1229/1227/1 1230/1228/1 1231/1229/1 1232/1230/1 1233/1231/1 1234/1232/1 1235/1233/1 1236/1234/1 1237/1235/1 1238/1236/1 1239/1237/1 1240/1238/1 1241/1239/1 1242/1240/1 1243/1241/1 1244/1242/1 1245/1243/1 1246/1244/1 1247/1245/1 1248/1246/1 1249/1247/1 1213/1248/1 1203/998/1 1202/260/1
f 1250/1005/1 1255/809/1 1254/808/1 1253/807/1 1252/806/1 1251/805/1
f 1264/1010/1 1263/1009/1 1262/841/1 1261/840/1 1260/839/1 1259/838/1 1258/837/1 1257/836/1 1256/835/1 1271/834/1 1270/833/1 1269/832/1 1268/831/1 1267/830/1 1266/829/1 1265/828/1
f 1273/486/1 1274/1081/1 1275/1080/1 1276/1079/1 1277/1078/1 1278/1077/1 1279/1051/1 1204/1066/1 1205/264/1 1272/486/1
f 1280/483/1 1282/1065/1 1283/1064/1 1284/1063/1 1285/1062/1 1286/1061/1 1287/1049/1 1288/1048/1 1289/1047/1 1290/1046/1 1291/1045/1 1292/1044/1 1293/1249/1 1294/1250/1 1295/1251/1 1296/1252/1 1297/1253/1 1281/1038/1 1207/424/1 1206/267/1
f 1298/1050/1 1310/1060/1 1309/1059/1 1308/1058/1 1307/1057/1 1306/1056/1 1305/1055/1 1304/1054/1 1303/1053/1 1302/1052/1 1301/1033/1 1300/1032/1 1299/1031/1
f 1313/1068/1 1312/1067/1 1311/1037/1 1316/1036/1 1315/1035/1 1314/1034/1
f 1318/1076/1 1319/1075/1 1320/1074/1 1321/1073/1 1322/1072/1 1323/1071/1 1324/1070/1 1317/1069/1
f 1325/870/1 1327/869/1 1328/868/1 1329/867/1 1330/866/1 1331/865/1 1332/864/1 1333/863/1 1334/862/1 1335/861/1 1336/860/1 1337/859/1 1338/858/1 1339/857/1 1340/1254/1 1341/1255/1 1342/854/1 1343/1256/1 1344/1257/1 1345/1258/1 1346/1259/1 1347/1260/1 1348/1261/1 1326/847/1 1209/925/1 1208/921/1
f 1349/1262/1 1352/1263/1 1351/1264/1 1353/1265/1 1354/1266/1 1355/1267/1 1356/1268/1 1357/1269/1 1358/1270/1 1359/1271/1 1360/1272/1 1361/1273/1 1362/1274/1 1363/1275/1 1364/1276/1 1365/1277/1 1366/1278/1 1367/1279/1 1368/1280/1 1369/1281/1 1370/1282/1 1371/1283/1 1372/1284/1 1373/1285/1 1374/1286/1 1375/1287/1 1376/1288/1 1377/1289/1 1378/1290/1 1379/1291/1 1380/1292/1 1381/1293/1 1382/1294/1 1383/1295/1 1384/1296/1 1385/1297/1 1386/1298/1 1387/1299/1 1388/1300/1 1350/1301/1 1211/1302/1 1210/1303/1
f 1389/288/1 1390/1142/1 1391/1141/1 1392/1140/1 1393/1139/1 1394/1138/1 1395/1137/1 1396/1136/1 1397/1135/1 1398/1134/1 1399/1133/1 1400/1132/1 1401/1082/1 1402/1114/1 1403/1113/1 1404/1112/1 1405/1111/1 1406/1110/1 1407/1109/1 1408/1108/1 1409/1107/1 1410/1106/1 1411/1105/1 1412/1104/1 1413/1103/1 1414/1102/1 1415/1101/1 1416/1100/1 1417/1099/1 1418/1129/1 1419/1128/1 1420/1127/1 1421/1126/1 1422/1125/1 1423/1124/1 1424/1123/1 1199/1122/1 1200/983/1 1201/289/1
f 1197/959/1 1433/1304/1 1434/1305/1 1437/1306/1 1438/1307/1 1439/1308/1 1440/1309/1 1441/1310/1 1442/1311/1 1443/1312/1 1444/1313/1 1445/1314/1 1446/1315/1 1447/1316/1 1448/1317/1 1425/1318/1 1198/1319/1
f 1432/1084/1 1436/1083/1 1435/1131/1 1427/1130/1 1426/1089/1 1428/1088/1 1429/1087/1 1430/1086/1 1431/1085/1
f 1464/1146/1 1465/1176/1 1466/1175/1 1463/1147/1
f 1458/1148/1 1459/1174/1 1460/1173/1 1461/1172/1 1462/1171/1 1457/1149/1
f 1451/1320/1 1470/1321/1 1467/1322/1 1468/1323/1 1469/802/1 1450/801/1 1449/800/1 1456/1150/1 1455/1170/1 1454/1169/1 1453/1168/1 1452/1167/1
f 1471/298/1 1473/797/1 1474/796/1 1475/795/1 1476/794/1 1477/793/1 1478/792/1 1479/791/1 1480/790/1 1481/789/1 1482/788/1 1483/787/1 1484/786/1 1485/785/1 1486/784/1 1487/783/1 1488/782/1 1489/781/1 1490/780/1 1491/779/1 1492/778/1 1493/777/1 1494/776/1 1472/775/1 1196/931/1 1195/299/1
f 1496/1324/1 1497/1325/1 1498/1326/1 1499/1327/1 1500/1328/1 1501/1329/1 1502/1330/1 1503/1331/1 1504/1332/1 1505/1333/1 1506/1334/1 1507/1335/1 1508/1336/1 1509/1337/1 1510/1338/1 1511/1339/1 1512/1340/1 1513/1341/1 1514/1342/1 1495/1343/1 1193/1344/1 1194/1345/1
f 1537/1346/1 1538/1347/1 1185/937/1 1184/320/1 1515/1348/1 1516/1349/1 1517/1350/1 1518/1351/1 1519/1352/1 1520/1353/1 1521/1354/1 1522/1355/1 1523/1356/1 1524/1357/1 1525/1358/1 1526/1359/1 1527/1360/1 1528/1361/1 1529/1362/1 1530/1363/1 1531/1364/1 1532/1365/1 1533/1366/1 1534/1367/1 1535/1368/1 1536/1369/1
f 1539/702/1 1541/701/1 1542/700/1 1543/699/1 1544/698/1 1545/697/1 1546/696/1 1547/695/1 1548/694/1 1549/693/1 1550/692/1 1551/691/1 1552/690/1 1553/689/1 1554/688/1 1555/687/1 1556/686/1 1540/685/1 1187/968/1 1186/325/1
f 1188/329/1 1558/723/1 1559/722/1 1560/721/1 1561/720/1 1562/719/1 1563/718/1 1564/717/1 1565/716/1 1566/715/1 1567/714/1 1568/713/1 1569/712/1 1570/711/1 1571/710/1 1572/709/1 1573/708/1 1574/707/1 1575/706/1 1576/705/1 1577/704/1 1557/703/1 1190/986/1 1189/330/1
f 1578/334/1 1580/754/1 1581/753/1 1582/752/1 1583/751/1 1584/750/1 1585/749/1 1586/748/1 1587/747/1 1588/746/1 1589/745/1 1590/744/1 1591/743/1 1592/742/1 1593/741/1 1594/740/1 1595/739/1 1596/1194/1 1597/1193/1 1598/1192/1 1599/1191/1 1600/1190/1 1601/1189/1 1602/726/1 1579/725/1 1192/497/1 1191/335/1
f 1610/738/1 1611/737/1 1612/736/1 1613/735/1 1614/734/1 1609/733/1
f 1604/732/1 1605/731/1 1606/730/1 1607/729/1 1608/728/1 1603/727/1
f 1615/662/1 1616/661/1 1617/660/1 1618/659/1 1619/658/1 1620/657/1 1621/656/1 1622/655/1 1623/654/1 1624/1370/1 1625/1371/1 1626/1372/1 1627/1373/1 1628/651/1 1629/650/1 1630/649/1 1631/648/1 1632/647/1 1633/646/1 1634/645/1 1635/644/1 1636/643/1 1637/642/1 1638/641/1 1639/640/1 1181/639/1 1182/914/1 1183/352/1
f 1640/1374/1 1641/1375/1 1642/1376/1 1643/1377/1 1644/1378/1 1645/1379/1 1646/1380/1 1647/1381/1 1648/1382/1 1649/1383/1 1650/1384/1 1651/1385/1 1652/1386/1 1653/1387/1 1654/1388/1 1655/1389/1 1656/1390/1 1657/1391/1 1658/1392/1 1178/1393/1 1179/1394/1 1180/1395/1
f 1659/1396/1 1660/1397/1 1661/1398/1 1662/1399/1 1663/1400/1 1664/1401/1 1665/1402/1 1175/1403/1 1176/1404/1 1177/1405/1
f 1666/1406/1 1667/1407/1 1668/1408/1 1669/1409/1 1670/1410/1 1671/1411/1 1672/1412/1 1673/1413/1 1674/1414/1 1172/1415/1 1173/1416/1 1174/1417/1
f 1171/1418/1 1675/1419/1 1676/1420/1 1677/1421/1 1678/1422/1 1679/1423/1 1680/1424/1 1681/1425/1 1682/1426/1 1683/1427/1 1684/1428/1 1685/586/1 1686/1429/1 1687/1430/1 1688/1431/1 1689/1432/1 1690/1433/1 1691/1434/1 1692/1435/1 1693/1436/1 1694/1437/1 1695/1438/1 1696/1439/1 1697/1440/1 1698/1441/1 1699/1442/1 1700/1443/1 1701/1444/1 1702/1445/1 1703/1446/1 1704/1447/1 1705/1448/1 1706/1449/1 1169/1450/1 1170/1451/1
f 1707/1452/1 1708/1453/1 1709/1454/1 1710/1455/1 1711/1456/1 1712/1457/1 1713/1458/1 1714/1459/1 1715/1460/1 1716/1461/1 1717/1462/1 1718/1463/1 1719/1464/1 1720/1465/1 1721/1466/1 1722/1467/1 1723/1468/1 1724/1469/1 1725/1470/1 1726/1471/1 1727/1472/1 1728/1473/1 1729/1474/1 1730/1475/1 1731/1476/1 1732/1477/1 1733/1478/1 1734/1479/1 1735/1480/1 1736/1481/1 1737/1482/1 1738/1483/1 1739/1484/1 1740/1485/1 1741/1486/1 1166/1487/1 1167/1488/1 1168/1489/1
f 1742/1490/1 1743/1491/1 1744/1492/1 1745/1493/1 1746/1494/1 1747/1495/1 1748/1496/1 1749/1497/1 1750/1498/1 1751/1499/1 1752/1500/1 1753/1501/1 1754/1502/1 1755/1503/1 1756/1504/1 1757/1505/1 1758/1506/1 1759/1507/1 1760/1508/1 1761/1509/1 1762/1510/1 1763/1511/1 1764/1512/1 1765/1513/1 1766/1514/1 1767/1515/1 1768/1516/1 1163/1517/1 1164/484/1 1165/425/1
f 1769/1518/1 1770/1519/1 1771/1520/1 1772/1521/1 1773/1522/1 1774/1523/1 1775/1524/1 1776/1525/1 1777/1526/1 1778/1527/1 1779/1528/1 1780/1529/1 1781/1530/1 1782/1531/1 1783/1532/1 1784/1533/1 1785/1534/1 1786/1535/1 1787/1536/1 1788/1537/1 1789/1538/1 1790/1539/1 1791/1540/1 1792/1541/1 1793/1542/1 1794/1543/1 1795/1544/1 1796/1545/1 1797/1546/1 1798/1547/1 1799/1548/1 1800/1549/1 1801/1550/1 1161/432/1 1162/397/1
f 1802/457/1 1807/456/1 1806/455/1 1805/454/1 1804/453/1 1803/452/1
f 1808/451/1 1812/450/1 1811/449/1 1810/448/1 1809/447/1
f 1813/446/1 1821/445/1 1820/444/1 1819/443/1 1818/442/1 1817/441/1 1816/440/1 1815/439/1 1814/438/1
f 995/369/182 996/607/182 1667/607/182 1666/369/182
f 819/763/183 820/762/183 1508/762/183 1507/763/183
f 634/1551/184 635/1552/184 1347/1552/184 1346/1551/184
f 997/606/185 998/605/185 1669/605/185 1668/606/185
f 820/762/159 821/761/159 1509/761/159 1508/762/159
f 635/849/186 636/848/186 1348/848/186 1347/849/186
f 998/605/187 999/604/187 1670/604/187 1669/605/187
f 821/761/3 822/760/3 1510/760/3 1509/761/3
f 636/848/188 613/847/188 1326/847/188 1348/848/188
f 999/604/189 1000/603/189 1671/603/189 1670/604/189
f 822/760/190 823/759/190 1511/759/190 1510/760/190
f 1000/603/29 1001/602/29 1672/602/29 1671/603/29
f 823/1553/191 824/1554/191 1512/1554/191 1511/1553/191
f 491/958/136 638/911/136 1349/911/136 1210/958/136
f 1001/602/192 1002/601/192 1673/601/192 1672/602/192
f 824/758/5 825/757/5 1513/757/5 1512/758/5
f 639/872/132 492/957/132 1211/957/132 1350/872/132
f 1002/601/193 1003/600/193 1674/600/193 1673/601/193
f 825/1555/194 826/1556/194 1514/1556/194 1513/1555/194
f 1003/600/195 994/599/195 1172/599/195 1674/600/195
f 826/1557/196 807/1558/196 1495/1558/196 1514/1557/196
f 642/910/3 641/909/3 1351/909/3 1352/910/3
f 638/911/197 642/910/197 1352/910/197 1349/911/197
f 447/320/140 827/319/140 1515/319/140 1184/320/140
f 641/909/198 643/908/198 1353/908/198 1351/909/198
f 1007/596/5 1008/595/5 1676/595/5 1675/596/5
f 643/908/199 644/907/199 1354/907/199 1353/908/199
f 1008/595/115 1009/594/115 1677/594/115 1676/595/115
f 829/684/3 830/683/3 1517/683/3 1516/684/3
f 644/907/200 645/906/200 1355/906/200 1354/907/200
f 1009/594/5 1010/593/5 1678/593/5 1677/594/5
f 827/319/201 829/684/201 1516/684/201 1515/319/201
f 645/906/202 646/905/202 1356/905/202 1355/906/202
f 1010/593/203 1011/592/203 1679/592/203 1678/593/203
f 830/1559/204 831/1560/204 1518/1560/204 1517/1559/204
f 646/905/160 647/904/160 1357/904/160 1356/905/160
f 1011/592/5 1012/591/5 1680/591/5 1679/592/5
f 831/682/205 832/681/205 1519/681/205 1518/682/205
f 647/904/206 648/903/206 1358/903/206 1357/904/206
f 1012/591/207 1013/590/207 1681/590/207 1680/591/207
f 832/681/208 833/680/208 1520/680/208 1519/681/208
f 648/903/209 649/902/209 1359/902/209 1358/903/209
f 1013/590/210 1014/589/210 1682/589/210 1681/590/210
f 833/680/211 834/679/211 1521/679/211 1520/680/211
f 649/902/5 650/901/5 1360/901/5 1359/902/5
f 1014/589/212 1015/588/212 1683/588/212 1682/589/212
f 834/679/213 835/678/213 1522/678/213 1521/679/213
f 650/901/214 651/900/214 1361/900/214 1360/901/214
f 1015/588/5 1016/587/5 1684/587/5 1683/588/5
f 835/678/4 836/677/4 1523/677/4 1522/678/4
f 651/900/215 652/899/215 1362/899/215 1361/900/215
f 1016/587/216 1017/586/216 1685/586/216 1684/587/216
f 836/677/217 837/676/217 1524/676/217 1523/677/217
f 652/899/218 653/898/218 1363/898/218 1362/899/218
f 1017/586/219 1018/585/219 1686/585/219 1685/586/219
f 837/676/220 838/675/220 1525/675/220 1524/676/220
f 653/898/221 654/897/221 1364/897/221 1363/898/221
f 1018/585/222 1019/584/222 1687/584/222 1686/585/222
f 838/675/5 839/674/5 1526/674/5 1525/675/5
f 654/897/223 655/896/223 1365/896/223 1364/897/223
f 1019/584/224 1020/583/224 1688/583/224 1687/584/224
f 839/674/225 840/673/225 1527/673/225 1526/674/225
f 655/896/226 656/895/226 1366/895/226 1365/896/226
f 1020/583/227 1021/582/227 1689/582/227 1688/583/227
f 840/673/162 841/672/162 1528/672/162 1527/673/162
f 656/895/4 657/894/4 1367/894/4 1366/895/4
f 1021/582/4 1022/581/4 1690/581/4 1689/582/4
f 841/672/228 842/671/228 1529/671/228 1528/672/228
f 657/894/229 658/893/229 1368/893/229 1367/894/229
f 1022/581/5 1023/580/5 1691/580/5 1690/581/5
f 842/671/5 843/670/5 1530/670/5 1529/671/5
f 658/893/3 659/892/3 1369/892/3 1368/893/3
f 1023/580/230 1024/579/230 1692/579/230 1691/580/230
f 843/670/231 844/669/231 1531/669/231 1530/670/231
f 659/892/232 660/891/232 1370/891/232 1369/892/232
f 1024/579/233 1025/578/233 1693/578/233 1692/579/233
f 844/669/234 845/668/234 1532/668/234 1531/669/234
f 660/891/235 661/890/235 1371/890/235 1370/891/235
f 1025/578/236 1026/577/236 1694/577/236 1693/578/236
f 845/668/237 846/667/237 1533/667/237 1532/668/237
f 661/890/5 662/889/5 1372/889/5 1371/890/5
f 1026/577/238 1027/576/238 1695/576/238 1694/577/238
f 846/1561/5 847/1562/5 1534/1562/5 1533/1561/5
f 662/889/239 663/888/239 1373/888/239 1372/889/239
f 1027/576/240 1028/575/240 1696/575/240 1695/576/240
f 847/666/241 848/665/241 1535/665/241 1534/666/241
f 663/888/242 664/887/242 1374/887/242 1373/888/242
f 1028/1563/243 1029/1564/243 1697/1564/243 1696/1563/243
f 848/665/244 849/664/244 1536/664/244 1535/665/244
f 664/887/4 665/886/4 1375/886/4 1374/887/4
f 1029/574/245 1030/573/245 1698/573/245 1697/574/245
f 665/886/174 666/885/174 1376/885/174 1375/886/174
f 1030/573/246 1031/572/246 1699/572/246 1698/573/246
f 851/1184/247 852/1183/247 1538/1183/247 1537/1184/247
f 666/885/248 667/884/248 1377/884/248 1376/885/248
f 1031/572/249 1032/571/249 1700/571/249 1699/572/249
f 849/664/250 851/1184/250 1537/1184/250 1536/664/250
f 667/884/224 668/883/224 1378/883/224 1377/884/224
f 1032/571/251 1033/570/251 1701/570/251 1700/571/251
f 852/1183/3 448/937/3 1185/937/3 1538/1183/3
f 668/883/252 669/882/252 1379/882/252 1378/883/252
f 1033/570/253 1034/569/253 1702/569/253 1701/570/253
f 451/325/145 854/702/145 1539/702/145 1186/325/145
f 669/882/254 670/881/254 1380/881/254 1379/882/254
f 1034/569/255 1035/568/255 1703/568/255 1702/569/255
f 670/881/256 671/880/256 1381/880/256 1380/881/256
f 1035/568/223 1036/567/223 1704/567/223 1703/568/223
f 671/880/257 672/879/257 1382/879/257 1381/880/257
f 1036/567/5 1037/566/5 1705/566/5 1704/567/5
f 855/685/149 452/968/149 1187/968/149 1540/685/149
f 672/879/258 673/878/258 1383/878/258 1382/879/258
f 1037/566/259 1038/565/259 1706/565/259 1705/566/259
f 673/878/260 674/877/260 1384/877/260 1383/878/260
f 1038/565/261 1004/564/261 1169/564/261 1706/565/261
f 674/877/262 675/876/262 1385/876/262 1384/877/262
f 857/701/263 858/700/263 1542/700/263 1541/701/263
f 675/876/264 676/875/264 1386/875/264 1385/876/264
f 854/702/265 857/701/265 1541/701/265 1539/702/265
f 676/875/266 677/874/266 1387/874/266 1386/875/266
f 479/260/4 493/259/4 1212/259/4 1202/260/4
f 858/700/267 859/699/267 1543/699/267 1542/700/267
f 677/874/268 678/873/268 1388/873/268 1387/874/268
f 424/386/4 1041/385/4 1707/385/4 1168/386/4
f 859/699/269 860/698/269 1544/698/269 1543/699/269
f 678/873/270 639/872/270 1350/872/270 1388/873/270
f 495/1565/132 480/1566/132 1203/1566/132 1213/1565/132
f 860/698/271 861/697/271 1545/697/271 1544/698/271
f 861/697/272 862/696/272 1546/696/272 1545/697/272
f 862/696/273 863/695/273 1547/695/273 1546/696/273
f 497/845/274 498/844/274 1215/844/274 1214/845/274
f 1043/563/275 1044/562/275 1709/562/275 1708/563/275
f 863/695/276 864/694/276 1548/694/276 1547/695/276
f 476/289/137 681/288/137 1389/288/137 1201/289/137
f 493/259/277 497/845/277 1214/845/277 1212/259/277
f 1044/562/5 1045/561/5 1710/561/5 1709/562/5
f 864/694/278 865/693/278 1549/693/278 1548/694/278
f 498/844/279 499/843/279 1216/843/279 1215/844/279
f 1041/385/5 1043/563/5 1708/563/5 1707/385/5
f 865/693/3 866/692/3 1550/692/3 1549/693/3
f 681/288/280 682/1142/280 1390/1142/280 1389/288/280
f 499/843/281 500/842/281 1217/842/281 1216/843/281
f 1045/561/282 1046/560/282 1711/560/282 1710/561/282
f 866/692/5 867/691/5 1551/691/5 1550/692/5
f 682/1142/283 683/1141/283 1391/1141/283 1390/1142/283
f 500/842/284 501/1021/284 1218/1021/284 1217/842/284
f 1046/560/56 1047/559/56 1712/559/56 1711/560/56
f 867/691/285 868/690/285 1552/690/285 1551/691/285
f 683/1141/181 684/1140/181 1392/1140/181 1391/1141/181
f 501/1021/286 502/1020/286 1219/1020/286 1218/1021/286
f 1047/559/287 1048/558/287 1713/558/287 1712/559/287
f 868/690/288 869/689/288 1553/689/288 1552/690/288
f 684/1140/289 685/1139/289 1393/1139/289 1392/1140/289
f 502/1020/290 503/1019/290 1220/1019/290 1219/1020/290
f 1048/558/291 1049/557/291 1714/557/291 1713/558/291
f 869/689/292 870/688/292 1554/688/292 1553/689/292
f 685/1139/3 686/1138/3 1394/1138/3 1393/1139/3
f 503/1019/293 504/1018/293 1221/1018/293 1220/1019/293
f 1049/557/294 1050/556/294 1715/556/294 1714/557/294
f 870/688/295 871/687/295 1555/687/295 1554/688/295
f 686/1138/6 687/1137/6 1395/1137/6 1394/1138/6
f 504/1018/296 505/1017/296 1222/1017/296 1221/1018/296
f 1050/556/5 1051/555/5 1716/555/5 1715/556/5
f 871/687/297 872/686/297 1556/686/297 1555/687/297
f 687/1137/298 688/1136/298 1396/1136/298 1395/1137/298
f 505/1017/299 506/1016/299 1223/1016/299 1222/1017/299
f 1051/555/300 1052/554/300 1717/554/300 1716/555/300
f 872/1567/301 855/685/301 1540/685/301 1556/1567/301
f 688/1568/302 689/1569/302 1397/1569/302 1396/1568/302
f 506/1570/303 507/1571/303 1224/1571/303 1223/1570/303
f 1052/554/5 1053/553/5 1718/553/5 1717/554/5
f 689/1572/304 690/1573/304 1398/1573/304 1397/1572/304
f 507/1015/305 508/1014/305 1225/1014/305 1224/1015/305
f 1053/553/228 1054/552/228 1719/552/228 1718/553/228
f 874/703/153 456/986/153 1190/986/153 1557/703/153
f 690/1134/306 691/1133/306 1399/1133/306 1398/1134/306
f 508/1014/307 509/1013/307 1226/1013/307 1225/1014/307
f 1054/552/308 1055/551/308 1720/551/308 1719/552/308
f 691/1574/309 692/1575/309 1400/1575/309 1399/1574/309
f 509/1013/310 510/1012/310 1227/1012/310 1226/1013/310
f 1055/551/311 1056/550/311 1721/550/311 1720/551/311
f 692/1132/312 693/1082/312 1401/1082/312 1400/1132/312
f 510/1012/313 511/1011/313 1228/1011/313 1227/1012/313
f 1056/550/314 1057/549/314 1722/549/314 1721/550/314
f 876/723/315 877/722/315 1559/722/315 1558/723/315
f 693/1082/10 694/1114/10 1402/1114/10 1401/1082/10
f 511/1011/316 512/827/316 1229/827/316 1228/1011/316
f 1057/549/317 1058/548/317 1723/548/317 1722/549/317
f 873/329/318 876/723/318 1558/723/318 1188/329/318
f 694/1114/319 695/1113/319 1403/1113/319 1402/1114/319
f 512/827/320 513/826/320 1230/826/320 1229/827/320
f 1058/548/5 1059/547/5 1724/547/5 1723/548/5
f 877/722/321 878/721/321 1560/721/321 1559/722/321
f 695/1113/322 696/1112/322 1404/1112/322 1403/1113/322
f 513/826/323 514/825/323 1231/825/323 1230/826/323
f 1059/547/324 1060/546/324 1725/546/324 1724/547/324
f 878/721/325 879/720/325 1561/720/325 1560/721/325
f 696/1112/326 697/1111/326 1405/1111/326 1404/1112/326
f 514/825/327 515/824/327 1232/824/327 1231/825/327
f 1060/546/328 1061/545/328 1726/545/328 1725/546/328
f 879/720/329 880/719/329 1562/719/329 1561/720/329
f 697/1111/330 698/1110/330 1406/1110/330 1405/1111/330
f 515/824/3 516/823/3 1233/823/3 1232/824/3
f 1061/545/4 1062/544/4 1727/544/4 1726/545/4
f 880/719/4 881/718/4 1563/718/4 1562/719/4
f 698/1110/331 699/1109/331 1407/1109/331 1406/1110/331
f 516/823/332 517/822/332 1234/822/332 1233/823/332
f 1062/544/53 1063/543/53 1728/543/53 1727/544/53
f 881/718/333 882/717/333 1564/717/333 1563/718/333
f 699/1109/334 700/1108/334 1408/1108/334 1407/1109/334
f 517/822/335 518/821/335 1235/821/335 1234/822/335
f 1063/543/336 1064/542/336 1729/542/336 1728/543/336
f 882/717/337 883/716/337 1565/716/337 1564/717/337
f 700/1108/338 701/1107/338 1409/1107/338 1408/1108/338
f 518/821/339 519/820/339 1236/820/339 1235/821/339
f 1064/542/46 1065/541/46 1730/541/46 1729/542/46
f 883/716/284 884/715/284 1566/715/284 1565/716/284
f 701/1107/340 702/1106/340 1410/1106/340 1409/1107/340
f 519/820/3 520/819/3 1237/819/3 1236/820/3
f 1065/541/341 1066/540/341 1731/540/341 1730/541/341
f 884/715/342 885/714/342 1567/714/342 1566/715/342
f 702/1106/343 703/1105/343 1411/1105/343 1410/1106/343
f 520/819/5 521/818/5 1238/818/5 1237/819/5
f 1066/540/344 1067/539/344 1732/539/344 1731/540/344
f 885/714/345 886/713/345 1568/713/345 1567/714/345
f 703/1105/346 704/1104/346 1412/1104/346 1411/1105/346
f 521/818/347 522/817/347 1239/817/347 1238/818/347
f 1067/539/348 1068/538/348 1733/538/348 1732/539/348
f 886/713/349 887/712/349 1569/712/349 1568/713/349
f 704/1104/350 705/1103/350 1413/1103/350 1412/1104/350
f 522/817/351 523/816/351 1240/816/351 1239/817/351
f 1068/538/352 1069/537/352 1734/537/352 1733/538/352
f 887/712/353 888/711/353 1570/711/353 1569/712/353
f 705/1103/354 706/1102/354 1414/1102/354 1413/1103/354
f 523/816/355 524/815/355 1241/815/355 1240/816/355
f 1069/537/356 1070/536/356 1735/536/356 1734/537/356
f 888/711/357 889/710/357 1571/710/357 1570/711/357
f 706/1102/358 707/1101/358 1415/1101/358 1414/1102/358
f 524/815/359 525/814/359 1242/814/359 1241/815/359
f 1070/536/360 1071/535/360 1736/535/360 1735/536/360
f 889/710/361 890/709/361 1572/709/361 1571/710/361
f 707/1101/362 708/1100/362 1416/1100/362 1415/1101/362
f 525/814/363 526/813/363 1243/813/363 1242/814/363
f 1071/535/3 1072/534/3 1737/534/3 1736/535/3
f 890/709/364 891/708/364 1573/708/364 1572/709/364
f 708/1100/365 709/1099/365 1417/1099/365 1416/1100/365
f 526/813/366 527/812/366 1244/812/366 1243/813/366
f 1072/534/367 1073/533/367 1738/533/367 1737/534/367
f 891/708/368 892/707/368 1574/707/368 1573/708/368
f 709/1099/369 710/1129/369 1418/1129/369 1417/1099/369
f 527/812/166 528/811/166 1245/811/166 1244/812/166
f 1073/533/4 1074/532/4 1739/532/4 1738/533/4
f 892/707/4 893/706/4 1575/706/4 1574/707/4
f 710/1129/370 711/1128/370 1419/1128/370 1418/1129/370
f 528/811/371 529/810/371 1246/810/371 1245/811/371
f 1074/532/372 1075/531/372 1740/531/372 1739/532/372
f 893/706/185 894/705/185 1576/705/185 1575/706/185
f 711/1128/373 712/1127/373 1420/1127/373 1419/1128/373
f 529/810/374 530/1008/374 1247/1008/374 1246/810/374
f 1075/531/375 1076/530/375 1741/530/375 1740/531/375
f 894/705/3 895/704/3 1577/704/3 1576/705/3
f 712/1127/376 713/1126/376 1421/1126/376 1420/1127/376
f 530/1576/5 531/1577/5 1248/1577/5 1247/1576/5
f 1076/530/377 1040/529/377 1166/529/377 1741/530/377
f 895/704/378 874/703/378 1557/703/378 1577/704/378
f 713/1126/379 714/1125/379 1422/1125/379 1421/1126/379
f 531/1007/380 532/1006/380 1249/1006/380 1248/1007/380
f 714/1125/381 715/1124/381 1423/1124/381 1422/1125/381
f 532/1578/75 495/1579/75 1213/1579/75 1249/1578/75
f 420/425/122 1078/427/122 1742/427/122 1165/425/122
f 459/335/157 897/334/157 1578/334/157 1191/335/157
f 715/1124/382 716/1123/382 1424/1123/382 1423/1124/382
f 898/1580/130 460/1581/130 1192/1581/130 1579/1580/130
f 716/1123/383 680/1122/383 1199/1122/383 1424/1123/383
f 534/805/324 533/1005/324 1250/1005/324 1251/805/324
f 535/806/384 534/805/384 1251/805/384 1252/806/384
f 536/807/385 535/806/385 1252/806/385 1253/807/385
f 537/808/386 536/807/386 1253/807/386 1254/808/386
f 1081/528/3 1082/527/3 1744/527/3 1743/528/3
f 897/334/271 900/754/271 1580/754/271 1578/334/271
f 538/809/4 537/808/4 1254/808/4 1255/809/4
f 1078/427/387 1081/528/387 1743/528/387 1742/427/387
f 900/754/388 901/753/388 1581/753/388 1580/754/388
f 533/1005/389 538/809/389 1255/809/389 1250/1005/389
f 415/432/155 416/397/155 1162/397/155 1161/432/155
f 1082/527/390 1083/526/390 1745/526/390 1744/527/390
f 901/753/5 902/752/5 1582/752/5 1581/753/5
f 1083/526/391 1084/525/391 1746/525/391 1745/526/391
f 902/752/392 903/751/392 1583/751/392 1582/752/392
f 1084/525/302 1085/524/302 1747/524/302 1746/525/302
f 903/751/393 904/750/393 1584/750/393 1583/751/393
f 540/836/25 539/835/25 1256/835/25 1257/836/25
f 1079/1582/128 419/1583/128 1164/1583/128 1163/1582/128
f 1085/524/394 1086/523/394 1748/523/394 1747/524/394
f 904/750/395 905/749/395 1585/749/395 1584/750/395
f 541/837/5 540/836/5 1257/836/5 1258/837/5
f 419/484/125 420/425/125 1165/425/125 1164/484/125
f 1086/523/5 1087/522/5 1749/522/5 1748/523/5
f 905/749/279 906/748/279 1586/748/279 1585/749/279
f 542/838/396 541/837/396 1258/837/396 1259/838/396
f 1087/522/397 1088/521/397 1750/521/397 1749/522/397
f 906/748/398 907/747/398 1587/747/398 1586/748/398
f 543/839/399 542/838/399 1259/838/399 1260/839/399
f 1088/521/400 1089/520/400 1751/520/400 1750/521/400
f 907/747/401 908/746/401 1588/746/401 1587/747/401
f 544/840/402 543/839/402 1260/839/402 1261/840/402
f 1040/1584/134 423/1585/134 1167/1585/134 1166/1584/134
f 1089/520/403 1090/519/403 1752/519/403 1751/520/403
f 908/746/404 909/745/404 1589/745/404 1588/746/404
f 545/841/46 544/840/46 1261/840/46 1262/841/46
f 423/920/125 424/386/125 1168/386/125 1167/920/125
f 1090/519/405 1091/518/405 1753/518/405 1752/519/405
f 909/745/406 910/744/406 1590/744/406 1589/745/406
f 727/1586/146 472/1587/146 1198/1587/146 1425/1586/146
f 546/1009/407 545/841/407 1262/841/407 1263/1009/407
f 1091/518/408 1092/517/408 1754/517/408 1753/518/408
f 910/744/409 911/743/409 1591/743/409 1590/744/409
f 736/1130/410 729/1089/410 1426/1089/410 1427/1130/410
f 547/1010/411 546/1009/411 1263/1009/411 1264/1010/411
f 1092/517/412 1093/516/412 1755/516/412 1754/517/412
f 911/743/413 912/742/413 1592/742/413 1591/743/413
f 729/1089/414 730/1088/414 1428/1088/414 1426/1089/414
f 548/828/324 547/1010/324 1264/1010/324 1265/828/324
f 1004/564/3 427/949/3 1170/949/3 1169/564/3
f 1093/516/385 1094/515/385 1756/515/385 1755/516/385
f 912/742/415 913/741/415 1593/741/415 1592/742/415
f 730/1088/416 731/1087/416 1429/1087/416 1428/1088/416
f 549/829/417 548/828/417 1265/828/417 1266/829/417
f 427/949/143 428/950/143 1171/950/143 1170/949/143
f 1094/515/418 1095/514/418 1757/514/418 1756/515/418
f 913/741/419 914/740/419 1594/740/419 1593/741/419
f 731/1087/420 732/1086/420 1430/1086/420 1429/1087/420
f 550/830/421 549/829/421 1266/829/421 1267/830/421
f 1095/514/422 1096/513/422 1758/513/422 1757/514/422
f 914/740/56 915/739/56 1595/739/56 1594/740/56
f 732/1086/423 733/1085/423 1431/1085/423 1430/1086/423
f 551/831/424 550/830/424 1267/830/424 1268/831/424
f 1096/513/425 1097/512/425 1759/512/425 1758/513/425
f 915/739/281 916/1194/281 1596/1194/281 1595/739/281
f 733/1085/426 734/1084/426 1432/1084/426 1431/1085/426
f 552/832/3 551/831/3 1268/831/3 1269/832/3
f 994/599/148 431/975/148 1173/975/148 1172/599/148
f 1097/512/3 1098/511/3 1760/511/3 1759/512/3
f 916/1194/46 917/1193/46 1597/1193/46 1596/1194/46
f 553/833/427 552/832/427 1269/832/427 1270/833/427
f 431/975/150 432/370/150 1174/370/150 1173/975/150
f 1098/511/428 1099/510/428 1761/510/428 1760/511/428
f 917/1193/429 918/1192/429 1598/1192/429 1597/1193/429
f 739/1145/223 740/1162/223 1434/1162/223 1433/1145/223
f 554/834/382 553/833/382 1270/833/382 1271/834/382
f 1099/510/430 1100/509/430 1762/509/430 1761/510/430
f 918/1588/9 919/1589/9 1599/1589/9 1598/1588/9
f 539/835/431 554/834/431 1271/834/431 1256/835/431
f 1100/509/432 1101/508/432 1763/508/432 1762/509/432
f 919/1191/433 920/1190/433 1600/1190/433 1599/1191/433
f 737/1131/434 736/1130/434 1427/1130/434 1435/1131/434
f 982/609/152 435/992/152 1176/992/152 1175/609/152
f 1101/508/211 1102/507/211 1764/507/211 1763/508/211
f 920/1190/405 921/1189/405 1601/1189/405 1600/1190/405
f 435/992/129 436/993/129 1177/993/129 1176/992/129
f 1102/507/412 1103/506/412 1765/506/412 1764/507/412
f 921/1189/4 922/726/4 1602/726/4 1601/1189/4
f 738/1083/435 737/1131/435 1435/1131/435 1436/1083/435
f 1103/506/436 1104/505/436 1766/505/436 1765/506/436
f 922/726/437 898/725/437 1579/725/437 1602/726/437
f 734/1084/438 738/1083/438 1436/1083/438 1432/1084/438
f 1104/505/56 1105/504/56 1767/504/56 1766/505/56
f 923/727/439 924/732/439 1604/732/439 1603/727/439
f 740/1590/5 741/1591/5 1437/1591/5 1434/1590/5
f 481/264/127 557/486/127 1272/486/127 1205/264/127
f 960/619/118 439/489/118 1179/489/118 1178/619/118
f 1105/504/3 1106/503/3 1768/503/3 1767/504/3
f 924/732/101 925/731/101 1605/731/101 1604/732/101
f 741/1161/3 742/1160/3 1438/1160/3 1437/1161/3
f 557/486/2 558/486/2 1273/486/2 1272/486/2
f 439/489/129 440/358/129 1180/358/129 1179/489/129
f 1106/503/440 1079/502/440 1163/502/440 1768/503/440
f 925/731/213 926/730/213 1606/730/213 1605/731/213
f 742/1160/6 743/1159/6 1439/1159/6 1438/1160/6
f 416/397/156 1107/482/156 1769/482/156 1162/397/156
f 926/730/223 927/729/223 1607/729/223 1606/730/223
f 743/1159/441 744/1158/441 1440/1158/441 1439/1159/441
f 560/1081/442 561/1080/442 1275/1080/442 1274/1081/442
f 927/729/443 928/728/443 1608/728/443 1607/729/443
f 744/1158/444 745/1157/444 1441/1157/444 1440/1158/444
f 935/639/118 443/914/118 1182/914/118 1181/639/118
f 1109/481/445 1110/480/445 1771/480/445 1770/481/445
f 928/728/3 923/727/3 1603/727/3 1608/728/3
f 745/1157/446 746/1156/446 1442/1156/446 1441/1157/446
f 558/486/447 560/1081/447 1274/1081/447 1273/486/447
f 443/914/133 444/352/133 1183/352/133 1182/914/133
f 1110/480/181 1111/479/181 1772/479/181 1771/480/181
f 746/1592/5 747/1593/5 1443/1593/5 1442/1592/5
f 561/1080/448 562/1079/448 1276/1079/448 1275/1080/448
f 1107/482/449 1109/481/449 1770/481/449 1769/482/449
f 747/1155/4 748/1154/4 1444/1154/4 1443/1155/4
f 562/1079/450 563/1078/450 1277/1078/450 1276/1079/450
f 1111/479/451 1112/478/451 1773/478/451 1772/479/451
f 929/733/452 930/738/452 1610/738/452 1609/733/452
f 748/1594/5 749/1595/5 1445/1595/5 1444/1594/5
f 563/1078/453 564/1077/453 1278/1077/453 1277/1078/453
f 1112/478/454 1113/477/454 1774/477/454 1773/478/454
f 930/738/455 931/737/455 1611/737/455 1610/738/455
f 749/1153/456 750/1152/456 1446/1152/456 1445/1153/456
f 564/1077/457 565/1051/457 1279/1051/457 1278/1077/457
f 448/937/142 447/320/142 1184/320/142 1185/937/142
f 1113/477/458 1114/476/458 1775/476/458 1774/477/458
f 931/737/459 932/736/459 1612/736/459 1611/737/459
f 750/1596/5 751/1597/5 1447/1597/5 1446/1596/5
f 565/1051/460 555/1066/460 1204/1066/460 1279/1051/460
f 1114/476/164 1115/475/164 1776/475/164 1775/476/164
f 932/736/3 933/735/3 1613/735/3 1612/736/3
f 751/1151/4 752/799/4 1448/799/4 1447/1151/4
f 1115/475/209 1116/474/209 1777/474/209 1776/475/209
f 933/735/461 934/734/461 1614/734/461 1613/735/461
f 752/1598/462 727/1599/462 1425/1599/462 1448/1598/462
f 483/267/124 566/483/124 1280/483/124 1206/267/124
f 1116/474/463 1117/473/463 1778/473/463 1777/474/463
f 934/734/464 929/733/464 1609/733/464 1614/734/464
f 567/1038/3 484/424/3 1207/424/3 1281/1038/3
f 452/968/147 451/325/147 1186/325/147 1187/968/147
f 1117/473/441 1118/472/441 1779/472/441 1778/473/441
f 1118/472/327 1119/471/327 1780/471/327 1779/472/327
f 754/801/212 753/800/212 1449/800/212 1450/801/212
f 569/1065/465 570/1064/465 1283/1064/465 1282/1065/465
f 1119/471/422 1120/470/422 1781/470/422 1780/471/422
f 444/352/135 936/662/135 1615/662/135 1183/352/135
f 756/1167/4 755/1166/4 1451/1166/4 1452/1167/4
f 566/483/466 569/1065/466 1282/1065/466 1280/483/466
f 455/330/140 873/329/140 1188/329/140 1189/330/140
f 1120/470/5 1121/469/5 1782/469/5 1781/470/5
f 757/1168/467 756/1167/467 1452/1167/467 1453/1168/467
f 570/1600/381 571/1601/381 1284/1601/381 1283/1600/381
f 456/986/131 455/330/131 1189/330/131 1190/986/131
f 1121/469/3 1122/468/3 1783/468/3 1782/469/3
f 938/661/468 939/660/468 1617/660/468 1616/661/468
f 758/1169/166 757/1168/166 1453/1168/166 1454/1169/166
f 571/1063/469 572/1062/469 1285/1062/469 1284/1063/469
f 1122/468/470 1123/467/470 1784/467/470 1783/468/470
f 936/662/471 938/661/471 1616/661/471 1615/662/471
f 759/1170/261 758/1169/261 1454/1169/261 1455/1170/261
f 572/1062/229 573/1061/229 1286/1061/229 1285/1062/229
f 1123/467/385 1124/466/385 1785/466/385 1784/467/385
f 939/660/5 940/659/5 1618/659/5 1617/660/5
f 760/1150/472 759/1170/472 1455/1170/472 1456/1150/472
f 573/1061/473 574/1049/473 1287/1049/473 1286/1061/473
f 1124/466/474 1125/465/474 1786/465/474 1785/466/474
f 940/659/216 941/658/216 1619/658/216 1618/659/216
f 753/800/475 760/1150/475 1456/1150/475 1449/800/475
f 574/1049/476 575/1048/476 1288/1048/476 1287/1049/476
f 460/497/131 459/335/131 1191/335/131 1192/497/131
f 1125/465/4 1126/464/4 1787/464/4 1786/465/4
f 941/658/477 942/657/477 1620/657/477 1619/658/477
f 575/1048/422 576/1047/422 1289/1047/422 1288/1048/422
f 1126/464/432 1127/463/432 1788/463/432 1787/464/432
f 942/657/478 943/656/478 1621/656/478 1620/657/478
f 576/1047/479 577/1046/479 1290/1046/479 1289/1047/479
f 1127/463/480 1128/462/480 1789/462/480 1788/463/480
f 943/656/291 944/655/291 1622/655/291 1621/656/291
f 761/1149/481 762/1148/481 1458/1148/481 1457/1149/481
f 577/1046/482 578/1045/482 1291/1045/482 1290/1046/482
f 1128/462/483 1129/461/483 1790/461/483 1789/462/483
f 944/655/484 945/654/484 1623/654/484 1622/655/484
f 762/1148/4 763/1174/4 1459/1174/4 1458/1148/4
f 578/1045/485 579/1044/485 1292/1044/485 1291/1045/485
f 463/415/6 464/416/6 1194/416/6 1193/415/6
f 1129/461/486 1130/460/486 1791/460/486 1790/461/486
f 763/1174/5 764/1173/5 1460/1173/5 1459/1174/5
f 579/1044/336 580/1043/336 1293/1043/336 1292/1044/336
f 1130/460/291 1131/459/291 1792/459/291 1791/460/291
f 764/1173/385 765/1172/385 1461/1172/385 1460/1173/385
f 580/1602/424 581/1603/424 1294/1603/424 1293/1602/424
f 1131/459/487 1132/458/487 1793/458/487 1792/459/487
f 765/1172/5 766/1171/5 1462/1171/5 1461/1172/5
f 581/1042/239 582/1041/239 1295/1041/239 1294/1042/239
f 1132/458/488 1133/1210/488 1794/1210/488 1793/458/488
f 766/1171/489 761/1149/489 1457/1149/489 1462/1171/489
f 582/1041/490 583/1040/490 1296/1040/490 1295/1041/490
f 468/931/139 467/299/139 1195/299/139 1196/931/139
f 1133/1210/491 1134/1209/491 1795/1209/491 1794/1210/491
f 946/1373/492 947/651/492 1628/651/492 1627/1373/492
f 583/1040/493 584/1039/493 1297/1039/493 1296/1040/493
f 1134/1604/494 1135/1605/494 1796/1605/494 1795/1604/494
f 947/651/495 948/650/495 1629/650/495 1628/651/495
f 767/1147/496 768/1146/496 1464/1146/496 1463/1147/496
f 584/1039/497 567/1038/497 1281/1038/497 1297/1039/497
f 1135/1208/498 1136/437/498 1797/437/498 1796/1208/498
f 948/650/499 949/649/499 1630/649/499 1629/650/499
f 768/1146/500 769/1176/500 1465/1176/500 1464/1146/500
f 1136/437/501 1137/436/501 1798/436/501 1797/437/501
f 949/649/502 950/648/502 1631/648/502 1630/649/502
f 769/1176/503 770/1175/503 1466/1175/503 1465/1176/503
f 586/1031/504 585/1050/504 1298/1050/504 1299/1031/504
f 472/963/125 471/959/125 1197/959/125 1198/963/125
f 1137/436/3 1138/435/3 1799/435/3 1798/436/3
f 950/1606/505 951/1607/505 1632/1607/505 1631/1606/505
f 770/1175/506 767/1147/506 1463/1147/506 1466/1175/506
f 587/1032/507 586/1031/507 1299/1031/507 1300/1032/507
f 1138/435/13 1139/434/13 1800/434/13 1799/435/13
f 951/647/508 952/646/508 1633/646/508 1632/647/508
f 588/1033/509 587/1032/509 1300/1032/509 1301/1033/509
f 1139/434/510 1140/433/510 1801/433/510 1800/434/510
f 952/1608/511 953/1609/511 1634/1609/511 1633/1608/511
f 589/1052/512 588/1033/512 1301/1033/512 1302/1052/512
f 680/1122/3 475/983/3 1200/983/3 1199/1122/3
f 1140/433/513 415/432/513 1161/432/513 1801/433/513
f 953/645/4 954/644/4 1635/644/4 1634/645/4
f 590/1053/207 589/1052/207 1302/1052/207 1303/1053/207
f 475/983/151 476/289/151 1201/289/151 1200/983/151
f 954/644/56 955/643/56 1636/643/56 1635/644/56
f 591/1054/514 590/1053/514 1303/1053/514 1304/1054/514
f 1142/452/6 1141/457/6 1802/457/6 1803/452/6
f 955/643/3 956/642/3 1637/642/3 1636/643/3
f 592/1055/515 591/1054/515 1304/1054/515 1305/1055/515
f 1143/453/395 1142/452/395 1803/452/395 1804/453/395
f 956/642/516 957/641/516 1638/641/516 1637/642/516
f 593/1056/13 592/1055/13 1305/1055/13 1306/1056/13
f 1144/454/5 1143/453/5 1804/453/5 1805/454/5
f 957/641/517 958/640/517 1639/640/517 1638/641/517
f 773/345/123 776/803/123 1468/803/123 1467/345/123
f 594/1057/4 593/1056/4 1306/1056/4 1307/1057/4
f 480/998/125 479/260/125 1202/260/125 1203/998/125
f 1145/455/518 1144/454/518 1805/454/518 1806/455/518
f 958/640/519 935/639/519 1181/639/519 1639/640/519
f 595/1058/405 594/1057/405 1307/1057/405 1308/1058/405
f 1146/456/5 1145/455/5 1806/455/5 1807/456/5
f 776/1610/520 777/1611/520 1469/1611/520 1468/1610/520
f 596/1059/521 595/1058/521 1308/1058/521 1309/1059/521
f 1141/457/522 1146/456/522 1807/456/522 1802/457/522
f 777/802/523 754/801/523 1450/801/523 1469/802/523
f 597/1060/524 596/1059/524 1309/1059/524 1310/1060/524
f 555/1066/124 481/264/124 1205/264/124 1204/1066/124
f 755/1166/525 778/1165/525 1470/1165/525 1451/1166/525
f 585/1050/526 597/1060/526 1310/1060/526 1298/1050/526
f 484/424/121 483/267/121 1206/267/121 1207/424/121
f 1148/447/527 1147/451/527 1808/451/527 1809/447/527
f 778/1612/528 773/1613/528 1467/1613/528 1470/1612/528
f 1149/448/529 1148/447/529 1809/447/529 1810/448/529
f 467/299/137 779/298/137 1471/298/137 1195/299/137
f 1150/449/530 1149/448/530 1810/448/530 1811/449/530
f 440/358/126 963/485/126 1640/485/126 1180/358/126
f 1151/450/531 1150/449/531 1811/449/531 1812/450/531
f 599/1067/532 598/1037/532 1311/1037/532 1312/1067/532
f 488/925/121 487/921/121 1208/921/121 1209/925/121
f 1147/451/533 1151/450/533 1812/450/533 1808/451/533
f 782/775/141 468/931/141 1196/931/141 1472/775/141
f 600/1068/335 599/1067/335 1312/1067/335 1313/1068/335
f 601/1034/534 600/1068/534 1313/1068/534 1314/1034/534
f 964/637/535 965/636/535 1642/636/535 1641/637/535
f 783/797/536 784/796/536 1474/796/536 1473/797/536
f 602/1035/537 601/1034/537 1314/1034/537 1315/1035/537
f 1153/438/538 1152/446/538 1813/446/538 1814/438/538
f 963/485/539 964/637/539 1641/637/539 1640/485/539
f 784/796/540 785/795/540 1475/795/540 1474/796/540
f 603/1036/541 602/1035/541 1315/1035/541 1316/1036/541
f 492/957/125 491/958/125 1210/958/125 1211/957/125
f 1154/439/542 1153/438/542 1814/438/542 1815/439/542
f 965/636/543 966/635/543 1643/635/543 1642/636/543
f 785/795/544 786/794/544 1476/794/544 1475/795/544
f 598/1037/545 603/1036/545 1316/1036/545 1311/1037/545
f 1155/440/546 1154/439/546 1815/439/546 1816/440/546
f 966/635/547 967/634/547 1644/634/547 1643/635/547
f 786/794/548 787/793/548 1477/793/548 1476/794/548
f 1156/441/549 1155/440/549 1816/440/549 1817/441/549
f 967/634/550 968/633/550 1645/633/550 1644/634/550
f 779/298/551 783/797/551 1473/797/551 1471/298/551
f 1157/442/552 1156/441/552 1817/441/552 1818/442/552
f 968/633/553 969/632/553 1646/632/553 1645/633/553
f 787/793/554 788/792/554 1478/792/554 1477/793/554
f 604/1069/555 605/1076/555 1318/1076/555 1317/1069/555
f 1158/443/556 1157/442/556 1818/442/556 1819/443/556
f 969/632/557 970/631/557 1647/631/557 1646/632/557
f 788/792/213 789/791/213 1479/791/213 1478/792/213
f 605/1076/558 606/1075/558 1319/1075/558 1318/1076/558
f 1159/444/559 1158/443/559 1819/443/559 1820/444/559
f 970/631/560 971/630/560 1648/630/560 1647/631/560
f 789/791/561 790/790/561 1480/790/561 1479/791/561
f 606/1075/562 607/1074/562 1320/1074/562 1319/1075/562
f 1160/445/563 1159/444/563 1820/444/563 1821/445/563
f 971/630/564 972/629/564 1649/629/564 1648/630/564
f 790/1614/565 791/1615/565 1481/1615/565 1480/1614/565
f 607/1074/566 608/1073/566 1321/1073/566 1320/1074/566
f 1152/446/567 1160/445/567 1821/445/567 1813/446/567
f 972/629/568 973/628/568 1650/628/568 1649/629/568
f 791/1616/569 792/1617/569 1482/1617/569 1481/1616/569
f 608/1073/224 609/1072/224 1322/1072/224 1321/1073/224
f 973/628/540 974/627/540 1651/627/540 1650/628/540
f 792/788/570 793/787/570 1483/787/570 1482/788/570
f 609/1072/571 610/1071/571 1323/1071/571 1322/1072/571
f 974/627/572 975/626/572 1652/626/572 1651/627/572
f 793/787/4 794/786/4 1484/786/4 1483/787/4
f 610/1071/573 611/1070/573 1324/1070/573 1323/1071/573
f 975/626/19 976/625/19 1653/625/19 1652/626/19
f 794/786/255 795/785/255 1485/785/255 1484/786/255
f 611/1070/574 604/1069/574 1317/1069/574 1324/1070/574
f 976/625/575 977/624/575 1654/624/575 1653/625/575
f 795/785/521 796/784/521 1486/784/521 1485/785/521
f 977/624/576 978/623/576 1655/623/576 1654/624/576
f 796/784/467 797/783/467 1487/783/467 1486/784/467
f 978/623/4 979/622/4 1656/622/4 1655/623/4
f 797/783/292 798/782/292 1488/782/292 1487/783/292
f 487/921/136 612/870/136 1325/870/136 1208/921/136
f 979/622/577 980/621/577 1657/621/577 1656/622/577
f 798/782/578 799/781/578 1489/781/578 1488/782/578
f 613/847/3 488/925/3 1209/925/3 1326/847/3
f 980/621/579 981/620/579 1658/620/579 1657/621/579
f 799/781/580 800/780/580 1490/780/580 1489/781/580
f 981/620/581 960/619/581 1178/619/581 1658/620/581
f 800/780/32 801/779/32 1491/779/32 1490/780/32
f 801/779/582 802/778/582 1492/778/582 1491/779/582
f 612/870/583 615/869/583 1327/869/583 1325/870/583
f 802/778/467 803/777/467 1493/777/467 1492/778/467
f 615/869/584 616/868/584 1328/868/584 1327/869/584
f 436/993/4 984/616/4 1659/616/4 1177/993/4
f 803/777/585 804/776/585 1494/776/585 1493/777/585
f 616/868/586 617/867/586 1329/867/586 1328/868/586
f 804/776/587 782/775/587 1472/775/587 1494/776/587
f 617/867/4 618/866/4 1330/866/4 1329/867/4
f 986/615/588 987/614/588 1661/614/588 1660/615/588
f 618/866/5 619/865/5 1331/865/5 1330/866/5
f 984/616/5 986/615/5 1660/615/5 1659/616/5
f 1823/960/1 1825/1145/1 1824/959/1
f 471/959/144 1822/960/144 1823/960/144 1824/959/144
f 1822/960/589 739/1145/589 1825/1145/589 1823/960/589
f 1829/1618/1 1827/1619/1 1828/950/1
f 1826/597/590 1007/596/590 1827/596/590 1829/597/590
f 428/950/4 1826/597/4 1829/597/4 1828/950/4
f 1831/1620/1 1836/1621/1 1835/1622/1 1834/1623/1 1833/1624/1 1832/1625/1
f 945/654/591 1830/653/591 1836/653/591 1831/654/591
f 1830/653/592 946/652/592 1835/652/592 1836/653/592
l 774 727
